"DMS ORIG","DMS DEST","SCTG2","DMS_MODE","Total KTons in 2002","Total Ton-Mile in 2002","Total M$ in 2002"
"Alabama","Alabama","Cereal grains","Truck","5637.3410","455.32569779","325.7226"
"Alabama","Arkansas","Cereal grains","Truck","5.3901","2.46853256","0.3116"
"Alabama","Florida","Cereal grains","Truck","36.5937","18.91039856","2.1173"
"Alabama","Georgia","Cereal grains","Truck","201.9470","49.38658576","11.6810"
"Alabama","Illinois","Cereal grains","Truck","0.1944","0.12803222","0.0112"
"Alabama","Indiana","Cereal grains","Truck","0.3329","0.19738372","0.0193"
"Alabama","Kentucky","Cereal grains","Truck","10.9470","4.53511480","0.6329"
"Alabama","Louisiana","Cereal grains","Truck","8.6137","3.46285495","0.4993"
"Alabama","Mississippi","Cereal grains","Truck","200.6455","46.16448144","11.5954"
"Alabama","Missouri","Cereal grains","Truck","1.0531","0.62430295","0.0608"
"Alabama","North Carolina","Cereal grains","Truck","0.4584","0.23903812","0.0265"
"Alabama","South Carolina","Cereal grains","Truck","1.6854","0.60719268","0.0978"
"Alabama","Tennessee","Cereal grains","Truck","141.7716","40.39549774","8.1964"
"Alabama","Virginia","Cereal grains","Truck","0.0047","0.00286828","0.0002"
"Alaska","Alaska","Cereal grains","Truck","1684.6198","309.73461811","95.6299"
"Arizona","Arizona","Cereal grains","Truck","660.3059","49.12146297","38.2112"
"Arizona","California","Cereal grains","Truck","12.2696","7.54460615","0.7105"
"Arizona","Colorado","Cereal grains","Truck","0.2125","0.16226841","0.0123"
"Arizona","Nevada","Cereal grains","Truck","0.3721","0.11783702","0.0245"
"Arizona","New Mexico","Cereal grains","Truck","2.4075","1.13541390","0.1395"
"Arizona","Texas","Cereal grains","Truck","0.0045","0.00461953","0.0002"
"Arizona","Utah","Cereal grains","Truck","0.7597","0.43987816","0.0439"
"Arkansas","Alabama","Cereal grains","Truck","1.8996","0.86882661","0.1099"
"Arkansas","Arkansas","Cereal grains","Truck","6379.1090","578.76234396","378.7559"
"Arkansas","California","Cereal grains","Rail","39.6600","87.71329247","2.1908"
"Arkansas","Illinois","Cereal grains","Truck","1.9666","0.97001716","0.1138"
"Arkansas","Indiana","Cereal grains","Truck","0.0542","0.03418069","0.0031"
"Arkansas","Kansas","Cereal grains","Truck","3.7283","1.63531060","0.2160"
"Arkansas","Kentucky","Cereal grains","Truck","4.5757","2.53592148","0.2645"
"Arkansas","Louisiana","Cereal grains","Truck","59.2844","20.83988538","3.4266"
"Arkansas","Louisiana","Cereal grains","Water","19.0600","12.43152900","2.6703"
"Arkansas","Mississippi","Cereal grains","Truck","60.5293","20.17938315","3.4986"
"Arkansas","Missouri","Cereal grains","Truck","130.6561","37.45564238","7.8011"
"Arkansas","Oklahoma","Cereal grains","Truck","127.7581","40.20010054","7.3842"
"Arkansas","Tennessee","Cereal grains","Truck","26.4585","9.47881181","1.5334"
"Arkansas","Texas","Cereal grains","Truck","44.8510","23.77672365","2.5942"
"California","Arizona","Cereal grains","Truck","34.9551","15.05339788","10.3874"
"California","California","Cereal grains","Truck","21735.4299","1739.35567783","1531.2008"
"California","California","Cereal grains","Other and unknown","18.4369","2.12734841","0.1818"
"California","Florida","Cereal grains","Rail","16.9830","57.30905762","31.6940"
"California","Georgia","Cereal grains","Truck","2.9960","7.49773818","0.4589"
"California","Hawaii","Cereal grains","Water","18.8890","47.89320514","89.8208"
"California","Indiana","Cereal grains","Truck","1.6000","3.32790863","3.9296"
"California","Louisiana","Cereal grains","Truck","5.1860","11.82677701","1.6756"
"California","Louisiana","Cereal grains","Rail","0.0000","0.00000000","0.8004"
"California","Maryland","Cereal grains","Rail","3.7900","11.10193747","36.1031"
"California","Michigan","Cereal grains","Rail","59.6020","144.28995986","22.4296"
"California","Minnesota","Cereal grains","Truck","4.5060","9.21441264","1.8343"
"California","Minnesota","Cereal grains","Rail","143.1620","294.21331038","13.7437"
"California","Missouri","Cereal grains","Multiple modes & mail","5.1990","10.60248091","0.3692"
"California","Montana","Cereal grains","Truck","0.0000","0.00000000","0.1150"
"California","Nevada","Cereal grains","Truck","4.7157","1.36154112","0.2745"
"California","Oregon","Cereal grains","Truck","5.9209","3.60381037","1.3023"
"California","Pennsylvania","Cereal grains","Truck","0.9000","2.49955200","0.4715"
"California","Texas","Cereal grains","Truck","4.2800","8.19530130","0.4255"
"California","Texas","Cereal grains","Rail","555.9770","1030.13185769","67.1035"
"California","Utah","Cereal grains","Truck","1.1370","0.74399973","0.0736"
"Colorado","Alabama","Cereal grains","Truck","109.1860","151.26255437","9.0251"
"Colorado","Arizona","Cereal grains","Truck","6.4470","5.07343832","15.1947"
"Colorado","California","Cereal grains","Truck","46.7670","48.17908778","6.6182"
"Colorado","California","Cereal grains","Rail","31.9490","38.95194484","32.5438"
"Colorado","Colorado","Cereal grains","Truck","4753.9250","441.19918794","412.0381"
"Colorado","Connecticut","Cereal grains","Truck","16.2660","31.83930346","7.2208"
"Colorado","Illinois","Cereal grains","Rail","3.5510","3.84817687","0.7970"
"Colorado","Kansas","Cereal grains","Truck","1066.0925","619.31141136","128.7706"
"Colorado","Kansas","Cereal grains","Rail","61.6520","44.51140117","8.2616"
"Colorado","Missouri","Cereal grains","Truck","21.6400","14.51174831","1.5398"
"Colorado","Missouri","Cereal grains","Rail","457.6490","344.77705312","10.5099"
"Colorado","Montana","Cereal grains","Truck","353.6790","284.61053306","4.9116"
"Colorado","Nebraska","Cereal grains","Truck","526.9144","297.65102082","34.3468"
"Colorado","New Jersey","Cereal grains","Rail","39.0500","79.96947599","27.7932"
"Colorado","New Mexico","Cereal grains","Truck","6.4965","2.89604050","0.3758"
"Colorado","Ohio","Cereal grains","Truck","29.4340","39.93243835","8.6882"
"Colorado","Oklahoma","Cereal grains","Truck","201.8846","147.07259636","2.2499"
"Colorado","South Dakota","Cereal grains","Truck","0.0027","0.00179491","0.0001"
"Colorado","Tennessee","Cereal grains","Truck","182.3240","238.71793426","29.5895"
"Colorado","Texas","Cereal grains","Truck","683.7882","597.54152696","54.3808"
"Colorado","Texas","Cereal grains","Rail","148.6621","158.39899035","27.2055"
"Colorado","Utah","Cereal grains","Truck","2.2529","1.11877797","0.1304"
"Colorado","Washington","Cereal grains","Multiple modes & mail","14.6640","23.59028201","0.0000"
"Colorado","Wyoming","Cereal grains","Truck","10.4952","3.80238174","0.6066"
"Connecticut","Connecticut","Cereal grains","Truck","1587.3678","47.09638899","91.7202"
"Connecticut","Delaware","Cereal grains","Truck","2.2307","0.47625392","0.1290"
"Connecticut","Washington DC","Cereal grains","Truck","0.0006","0.00018042","0.0001"
"Connecticut","Maine","Cereal grains","Truck","0.5107","0.14962602","0.0296"
"Connecticut","Maryland","Cereal grains","Truck","2.7374","0.82868725","0.1584"
"Connecticut","Massachusetts","Cereal grains","Truck","31.2378","3.25520664","1.8085"
"Connecticut","New Hampshire","Cereal grains","Truck","1.7157","0.28665062","0.0994"
"Connecticut","New Jersey","Cereal grains","Truck","19.8354","2.65252381","1.1491"
"Connecticut","New York","Cereal grains","Truck","68.3076","7.69636291","3.9559"
"Connecticut","Pennsylvania","Cereal grains","Truck","21.3821","5.23145415","1.2367"
"Connecticut","Rhode Island","Cereal grains","Truck","4.9654","0.44882276","0.2876"
"Connecticut","Vermont","Cereal grains","Truck","2.5976","0.59655061","0.1502"
"Connecticut","Virginia","Cereal grains","Truck","0.0002","0.00006612","0.0000"
"Delaware","Connecticut","Cereal grains","Truck","0.6798","0.16995314","0.0395"
"Delaware","Delaware","Cereal grains","Truck","960.8293","33.11362324","67.3567"
"Delaware","Delaware","Cereal grains","Other and unknown","25.6370","0.73654052","1.6698"
"Delaware","Washington DC","Cereal grains","Truck","0.0043","0.00044616","0.0005"
"Delaware","Maryland","Cereal grains","Truck","214.7695","23.80768314","11.8219"
"Delaware","Massachusetts","Cereal grains","Truck","0.0595","0.02019281","0.0035"
"Delaware","New Jersey","Cereal grains","Truck","256.2135","14.48234280","15.9118"
"Delaware","New York","Cereal grains","Truck","10.1929","3.00771132","4.3853"
"Delaware","North Carolina","Cereal grains","Truck","0.3439","0.15409408","0.0199"
"Delaware","Pennsylvania","Cereal grains","Truck","521.7979","53.75693590","34.7084"
"Delaware","Pennsylvania","Cereal grains","Rail","8.5200","1.71208258","2.9636"
"Delaware","Rhode Island","Cereal grains","Truck","0.0163","0.00551855","0.0009"
"Delaware","Virginia","Cereal grains","Truck","11.3045","2.76565624","1.0820"
"Delaware","West Virginia","Cereal grains","Truck","0.6005","0.22789285","0.0347"
"Washington DC","Connecticut","Cereal grains","Truck","0.0004","0.00011898","0.0000"
"Washington DC","Delaware","Cereal grains","Truck","0.1599","0.01654702","0.0092"
"Washington DC","Washington DC","Cereal grains","Truck","1.9182","0.00824826","0.6692"
"Washington DC","Maryland","Cereal grains","Truck","13.5652","0.33391666","0.7843"
"Washington DC","New Jersey","Cereal grains","Truck","0.0528","0.00852271","0.0030"
"Washington DC","New York","Cereal grains","Truck","0.0054","0.00144132","0.0004"
"Washington DC","North Carolina","Cereal grains","Truck","0.0371","0.01264263","0.0021"
"Washington DC","Ohio","Cereal grains","Truck","0.0003","0.00012306","0.0000"
"Washington DC","Pennsylvania","Cereal grains","Truck","0.5216","0.09327187","0.0302"
"Washington DC","Virginia","Cereal grains","Truck","10.6514","0.37676563","20.6169"
"Washington DC","West Virginia","Cereal grains","Truck","0.0443","0.01304585","0.0026"
"Florida","Alabama","Cereal grains","Truck","379.5444","191.72633009","21.9299"
"Florida","Florida","Cereal grains","Truck","24429.9830","1685.97334173","1572.2920"
"Florida","Florida","Cereal grains","Other and unknown","67.0630","2.69448443","2.0919"
"Florida","Georgia","Cereal grains","Truck","472.1609","166.37806609","34.9216"
"Florida","Louisiana","Cereal grains","Truck","5.0856","3.84960770","4.2235"
"Florida","Mississippi","Cereal grains","Truck","28.7083","18.10227275","1.6590"
"Florida","Ohio","Cereal grains","Truck","0.4460","0.53926945","0.5198"
"Florida","South Carolina","Cereal grains","Truck","5.9402","1.80818968","0.3433"
"Georgia","Alabama","Cereal grains","Truck","844.2921","193.04004645","48.7807"
"Georgia","Florida","Cereal grains","Truck","206.0507","71.53161252","11.9088"
"Georgia","Georgia","Cereal grains","Truck","20836.4439","1542.52716623","1267.1442"
"Georgia","Illinois","Cereal grains","Truck","0.0022","0.00170042","0.0001"
"Georgia","Indiana","Cereal grains","Truck","0.0017","0.00116523","0.0001"
"Georgia","Kentucky","Cereal grains","Truck","10.0281","3.90755451","0.5794"
"Georgia","Louisiana","Cereal grains","Truck","0.0360","0.02075524","0.0000"
"Georgia","Mississippi","Cereal grains","Truck","7.5212","2.98749705","0.4346"
"Georgia","North Carolina","Cereal grains","Truck","115.3495","37.45424023","6.6662"
"Georgia","South Carolina","Cereal grains","Truck","601.8960","146.50598869","34.7772"
"Georgia","Tennessee","Cereal grains","Truck","171.1036","41.47946815","21.7179"
"Georgia","Virginia","Cereal grains","Truck","0.7129","0.32872653","0.0412"
"Georgia","West Virginia","Cereal grains","Truck","0.0001","0.00005884","0.0000"
"Hawaii","Hawaii","Cereal grains","Truck","44.3765","1.09760899","3.6426"
"Idaho","Arizona","Cereal grains","Rail","30.5230","50.59550328","3.9330"
"Idaho","California","Cereal grains","Truck","13.7150","11.94238876","0.5244"
"Idaho","California","Cereal grains","Rail","101.5410","117.49857876","26.9837"
"Idaho","California","Cereal grains","Multiple modes & mail","0.6170","0.58089672","0.2116"
"Idaho","Florida","Cereal grains","Truck","6.6170","17.19166661","2.6036"
"Idaho","Idaho","Cereal grains","Truck","31982.0376","3410.00849319","1901.9006"
"Idaho","Idaho","Cereal grains","Rail","24.0710","4.38120310","2.2966"
"Idaho","Idaho","Cereal grains","Other and unknown","51.9820","6.96518080","10.2109"
"Idaho","Iowa","Cereal grains","Rail","13.1030","19.26798674","0.7958"
"Idaho","Kansas","Cereal grains","Truck","28.8810","37.90638623","9.5220"
"Idaho","Kansas","Cereal grains","Rail","7.4870","10.87874700","2.0666"
"Idaho","Minnesota","Cereal grains","Rail","22.8980","35.91596103","7.6832"
"Idaho","Missouri","Cereal grains","Multiple modes & mail","0.4160","0.68465654","0.3254"
"Idaho","Montana","Cereal grains","Truck","79.8539","35.40266506","4.5176"
"Idaho","Montana","Cereal grains","Other and unknown","0.3210","0.17456818","0.4865"
"Idaho","Nevada","Cereal grains","Truck","2.8717","1.58830903","0.1660"
"Idaho","New Hampshire","Cereal grains","Truck","0.0777","0.20532993","0.0045"
"Idaho","North Dakota","Cereal grains","Truck","11.9600","12.75931265","1.5997"
"Idaho","North Dakota","Cereal grains","Rail","23.0470","28.88944778","8.2398"
"Idaho","Oregon","Cereal grains","Truck","562.3790","306.22293978","32.4907"
"Idaho","Oregon","Cereal grains","Rail","112.8390","73.57459256","3.6387"
"Idaho","Oregon","Cereal grains","Water","182.3980","68.45884849","0.0000"
"Idaho","Oregon","Cereal grains","Other and unknown","22.8130","13.68406783","0.0000"
"Idaho","Texas","Cereal grains","Rail","19.5281","36.61185315","12.3280"
"Idaho","Texas","Cereal grains","Multiple modes & mail","3.9180","6.81245187","7.0357"
"Idaho","Utah","Cereal grains","Truck","110.7630","44.70074874","6.5889"
"Idaho","Utah","Cereal grains","Rail","70.2420","36.29321740","12.9490"
"Idaho","Washington","Cereal grains","Truck","3162.4802","1474.49829937","182.7103"
"Idaho","Washington","Cereal grains","Rail","112.4650","60.49366669","15.0523"
"Idaho","Wisconsin","Cereal grains","Rail","16.1500","28.63598657","1.5019"
"Idaho","Wyoming","Cereal grains","Truck","12.2652","7.09836212","0.7088"
"Illinois","Alabama","Cereal grains","Truck","0.2446","0.15371959","0.0141"
"Illinois","Alabama","Cereal grains","Water","83.5730","68.81822177","13.3308"
"Illinois","Arkansas","Cereal grains","Truck","7.0120","3.26990476","0.7134"
"Illinois","California","Cereal grains","Truck","0.2350","0.49976118","0.0495"
"Illinois","Georgia","Cereal grains","Truck","0.0030","0.00227613","0.0002"
"Illinois","Hawaii","Cereal grains","Multiple modes & mail","0.0210","0.10087875","0.0035"
"Illinois","Illinois","Cereal grains","Truck","61475.8929","4585.65085697","4259.7455"
"Illinois","Illinois","Cereal grains","Rail","7624.1170","874.60384249","703.1031"
"Illinois","Illinois","Cereal grains","Multiple modes & mail","30.5740","3.57044324","3.6605"
"Illinois","Illinois","Cereal grains","Other and unknown","61.0550","8.04713654","90.8063"
"Illinois","Indiana","Cereal grains","Truck","5298.0856","663.94731907","309.8632"
"Illinois","Indiana","Cereal grains","Rail","15.5650","3.86034493","2.1942"
"Illinois","Indiana","Cereal grains","Multiple modes & mail","0.4690","0.12644842","0.0115"
"Illinois","Indiana","Cereal grains","Other and unknown","2.6870","0.68550971","0.3496"
"Illinois","Iowa","Cereal grains","Truck","1306.2901","414.78570726","75.7494"
"Illinois","Iowa","Cereal grains","Multiple modes & mail","0.0400","0.01323385","0.0138"
"Illinois","Iowa","Cereal grains","Other and unknown","0.0560","0.01908293","0.0828"
"Illinois","Kansas","Cereal grains","Truck","11.4294","6.41203152","2.1352"
"Illinois","Kansas","Cereal grains","Multiple modes & mail","0.9500","0.54105643","0.0334"
"Illinois","Kansas","Cereal grains","Other and unknown","4.9810","2.90230130","0.6475"
"Illinois","Kentucky","Cereal grains","Truck","74.4018","26.48419591","4.4453"
"Illinois","Kentucky","Cereal grains","Multiple modes & mail","0.1440","0.06013268","0.0023"
"Illinois","Louisiana","Cereal grains","Truck","105.5460","87.05717334","16.7164"
"Illinois","Louisiana","Cereal grains","Water","12206.6830","14986.39579338","1006.9988"
"Illinois","Louisiana","Cereal grains","Multiple modes & mail","3056.2249","2815.10563130","8.2053"
"Illinois","Michigan","Cereal grains","Truck","938.3886","228.88504388","54.2156"
"Illinois","Michigan","Cereal grains","Multiple modes & mail","0.1100","0.04794936","0.0667"
"Illinois","Minnesota","Cereal grains","Truck","18.0978","9.35087404","1.4283"
"Illinois","Minnesota","Cereal grains","Multiple modes & mail","0.0340","0.02387639","0.0311"
"Illinois","Mississippi","Cereal grains","Truck","9.4949","6.07208450","1.7587"
"Illinois","Mississippi","Cereal grains","Water","30.6350","26.53688839","25.3713"
"Illinois","Missouri","Cereal grains","Truck","216.3611","48.80972140","12.6337"
"Illinois","Missouri","Cereal grains","Water","0.1280","0.04447974","0.4117"
"Illinois","Missouri","Cereal grains","Multiple modes & mail","0.1100","0.04312991","0.0034"
"Illinois","Montana","Cereal grains","Truck","0.0420","0.06218320","0.0483"
"Illinois","Nebraska","Cereal grains","Truck","6.2234","3.19954738","3.6608"
"Illinois","Nebraska","Cereal grains","Multiple modes & mail","0.0570","0.03241654","0.0242"
"Illinois","New York","Cereal grains","Multiple modes & mail","0.5220","0.44354638","0.1207"
"Illinois","Ohio","Cereal grains","Truck","233.7554","80.63161517","13.5057"
"Illinois","Ohio","Cereal grains","Rail","39.8760","18.97922368","5.6132"
"Illinois","Pennsylvania","Cereal grains","Multiple modes & mail","0.7530","0.65277275","0.2185"
"Illinois","Tennessee","Cereal grains","Truck","10.5197","5.10319486","0.6082"
"Illinois","Tennessee","Cereal grains","Water","163.9510","98.55376010","3.2051"
"Illinois","Texas","Cereal grains","Other and unknown","0.0011","0.00116597","0.0000"
"Illinois","Wisconsin","Cereal grains","Truck","3698.5601","709.32223877","214.4098"
"Indiana","Alabama","Cereal grains","Truck","0.5727","0.32172225","0.0331"
"Indiana","Alabama","Cereal grains","Rail","820.1220","510.09477507","46.0714"
"Indiana","Alabama","Cereal grains","Other and unknown","156.5160","103.16734765","1.4340"
"Indiana","Arkansas","Cereal grains","Truck","0.2746","0.17204103","0.0159"
"Indiana","Arkansas","Cereal grains","Rail","174.5500","116.28804048","47.1546"
"Indiana","Florida","Cereal grains","Rail","930.8230","1044.27360384","90.9271"
"Indiana","Florida","Cereal grains","Air (include truck-air)","226.0340","188.17722548","0.8476"
"Indiana","Georgia","Cereal grains","Truck","0.0208","0.01407572","0.0012"
"Indiana","Georgia","Cereal grains","Rail","6592.1070","4458.18317528","457.6862"
"Indiana","Illinois","Cereal grains","Truck","912.3011","167.38359567","52.0685"
"Indiana","Illinois","Cereal grains","Rail","2854.7300","725.64568039","80.5310"
"Indiana","Indiana","Cereal grains","Truck","21726.0159","1497.75501817","1291.1269"
"Indiana","Indiana","Cereal grains","Rail","1137.2070","139.82214772","168.8798"
"Indiana","Indiana","Cereal grains","Water","1278.3960","69.37676441","123.7274"
"Indiana","Iowa","Cereal grains","Truck","12.5951","4.42251366","0.7277"
"Indiana","Kentucky","Cereal grains","Truck","610.9521","137.95580616","35.2628"
"Indiana","Kentucky","Cereal grains","Rail","92.2770","23.52467374","30.5647"
"Indiana","Louisiana","Cereal grains","Truck","5.9470","5.12615348","0.0000"
"Indiana","Louisiana","Cereal grains","Water","1145.5960","1395.52605978","42.6638"
"Indiana","Louisiana","Cereal grains","Other and unknown","394.7440","371.51167271","0.0000"
"Indiana","Maine","Cereal grains","Rail","18.6300","21.91778834","2.9049"
"Indiana","Maryland","Cereal grains","Rail","113.3720","88.35976352","12.0957"
"Indiana","Michigan","Cereal grains","Truck","474.3191","130.64719933","27.0461"
"Indiana","Mississippi","Cereal grains","Truck","0.0244","0.01575539","0.0014"
"Indiana","Missouri","Cereal grains","Truck","5.2227","2.24195859","0.3025"
"Indiana","New Hampshire","Cereal grains","Rail","16.5660","16.82885207","16.1909"
"Indiana","New York","Cereal grains","Rail","413.6920","266.36678139","72.8422"
"Indiana","North Carolina","Cereal grains","Truck","4.0680","2.33963561","0.3657"
"Indiana","North Carolina","Cereal grains","Rail","972.6730","726.67083399","116.5077"
"Indiana","Ohio","Cereal grains","Truck","627.1651","144.31600653","35.9928"
"Indiana","Pennsylvania","Cereal grains","Truck","15.3195","8.88086818","1.0957"
"Indiana","Pennsylvania","Cereal grains","Rail","352.1250","255.23284819","51.4199"
"Indiana","South Carolina","Cereal grains","Rail","3399.9800","2898.31086889","325.8306"
"Indiana","Tennessee","Cereal grains","Truck","10.5685","4.05117826","0.6112"
"Indiana","Tennessee","Cereal grains","Rail","1326.7340","604.22820089","118.0360"
"Indiana","Virginia","Cereal grains","Truck","20.0223","10.84740864","0.7465"
"Indiana","Virginia","Cereal grains","Rail","183.0840","119.97920218","121.9552"
"Indiana","West Virginia","Cereal grains","Truck","0.4721","0.17032858","0.0274"
"Indiana","Wisconsin","Cereal grains","Truck","46.7055","12.82189644","2.6991"
"Iowa","Alabama","Cereal grains","Multiple modes & mail","324.8320","339.84368404","17.6318"
"Iowa","Arizona","Cereal grains","Truck","31.8420","50.59962821","4.2792"
"Iowa","Arizona","Cereal grains","Rail","663.1470","1132.30561344","108.5543"
"Iowa","Arkansas","Cereal grains","Rail","353.6230","249.03073239","45.4549"
"Iowa","California","Cereal grains","Truck","108.9660","202.34690230","28.1474"
"Iowa","California","Cereal grains","Rail","21883.0970","44095.64241779","2014.3803"
"Iowa","California","Cereal grains","Air (include truck-air)","3.5670","5.15689096","21.1290"
"Iowa","California","Cereal grains","Other and unknown","248.5390","502.89618165","25.7278"
"Iowa","Florida","Cereal grains","Truck","100.1270","142.28868538","29.3687"
"Iowa","Florida","Cereal grains","Multiple modes & mail","7.7030","13.87023561","18.5990"
"Iowa","Florida","Cereal grains","Other and unknown","43.4300","79.81514399","43.6931"
"Iowa","Georgia","Cereal grains","Truck","200.2850","187.06199332","88.6294"
"Iowa","Illinois","Cereal grains","Truck","4183.5860","1319.86771056","327.9993"
"Iowa","Illinois","Cereal grains","Multiple modes & mail","40.9690","15.28656808","66.7483"
"Iowa","Indiana","Cereal grains","Truck","101.9547","49.47886548","34.8936"
"Iowa","Iowa","Cereal grains","Truck","49294.4090","4495.66660160","2664.0574"
"Iowa","Iowa","Cereal grains","Rail","179.7290","17.74638481","16.1000"
"Iowa","Iowa","Cereal grains","Water","41.7590","8.97493949","5.7121"
"Iowa","Iowa","Cereal grains","Other and unknown","7199.8300","679.75889823","364.2200"
"Iowa","Kansas","Cereal grains","Truck","410.8813","181.32461808","254.4930"
"Iowa","Kentucky","Cereal grains","Air (include truck-air)","9.7810","4.82560528","13.6586"
"Iowa","Kentucky","Cereal grains","Multiple modes & mail","16.8090","12.20782546","1.4536"
"Iowa","Kentucky","Cereal grains","Other and unknown","14.1090","10.25098320","7.4014"
"Iowa","Louisiana","Cereal grains","Truck","11.9550","12.11455436","0.3277"
"Iowa","Louisiana","Cereal grains","Rail","163.6900","195.25447064","14.5015"
"Iowa","Louisiana","Cereal grains","Water","4496.8960","6878.26841527","379.4368"
"Iowa","Maryland","Cereal grains","Multiple modes & mail","2.8520","3.32325796","16.0299"
"Iowa","Michigan","Cereal grains","Truck","25.2884","14.92617307","1.4611"
"Iowa","Minnesota","Cereal grains","Truck","402.7966","123.52920908","23.2749"
"Iowa","Mississippi","Cereal grains","Rail","325.5370","319.24740391","64.5104"
"Iowa","Missouri","Cereal grains","Truck","270.9839","96.34134687","17.9264"
"Iowa","Nebraska","Cereal grains","Truck","3344.4915","895.76710475","456.0310"
"Iowa","New York","Cereal grains","Multiple modes & mail","8.9810","11.66742482","56.4788"
"Iowa","North Dakota","Cereal grains","Truck","0.2000","0.11763897","0.0116"
"Iowa","Ohio","Cereal grains","Multiple modes & mail","2.4910","1.74283846","9.2771"
"Iowa","Oklahoma","Cereal grains","Truck","0.0016","0.00100011","0.0001"
"Iowa","Oklahoma","Cereal grains","Rail","152.8740","102.45752010","32.3783"
"Iowa","Pennsylvania","Cereal grains","Truck","162.0090","157.04836767","93.6641"
"Iowa","South Dakota","Cereal grains","Truck","105.5522","45.28767547","6.0986"
"Iowa","Tennessee","Cereal grains","Multiple modes & mail","2.6980","2.08883029","13.7862"
"Iowa","Texas","Cereal grains","Truck","24.8710","23.52500203","13.9656"
"Iowa","Texas","Cereal grains","Rail","138.9620","148.39293348","49.1418"
"Iowa","Virginia","Cereal grains","Truck","63.4230","76.32284867","22.7125"
"Iowa","Virginia","Cereal grains","Multiple modes & mail","2.5580","3.48541101","16.8245"
"Iowa","Wisconsin","Cereal grains","Truck","1404.5082","446.64860343","106.8530"
"Kansas","Arkansas","Cereal grains","Truck","98.4398","41.24122634","5.6874"
"Kansas","California","Cereal grains","Rail","61.4420","96.98283395","72.1924"
"Kansas","Colorado","Cereal grains","Truck","833.5311","443.51565867","27.0882"
"Kansas","Georgia","Cereal grains","Rail","61.2480","66.28977873","9.3276"
"Kansas","Illinois","Cereal grains","Truck","21.3018","8.20697972","1.2307"
"Kansas","Indiana","Cereal grains","Truck","120.1320","88.89200347","52.4492"
"Kansas","Iowa","Cereal grains","Truck","352.0523","124.47313933","20.3395"
"Kansas","Kansas","Cereal grains","Truck","72360.9155","6051.94713208","5808.2107"
"Kansas","Kansas","Cereal grains","Rail","3672.8530","369.78957018","477.5076"
"Kansas","Kansas","Cereal grains","Multiple modes & mail","1827.4380","287.51755070","109.6364"
"Kansas","Kansas","Cereal grains","Other and unknown","188.1540","18.08488406","146.9746"
"Kansas","Louisiana","Cereal grains","Rail","1161.0600","1175.27492556","59.4929"
"Kansas","Louisiana","Cereal grains","Water","445.9640","634.76127938","48.2402"
"Kansas","Minnesota","Cereal grains","Truck","0.0163","0.01090567","0.0009"
"Kansas","Minnesota","Cereal grains","Rail","821.8350","595.71786871","117.1390"
"Kansas","Missouri","Cereal grains","Truck","5375.5570","519.19218656","319.3627"
"Kansas","Missouri","Cereal grains","Rail","613.1490","90.26211549","67.7511"
"Kansas","Nebraska","Cereal grains","Truck","1681.1540","459.20795285","192.0352"
"Kansas","Nebraska","Cereal grains","Rail","16.1140","6.20694710","5.1808"
"Kansas","New Mexico","Cereal grains","Truck","0.6217","0.40615486","0.0359"
"Kansas","North Carolina","Cereal grains","Truck","69.7590","68.27741787","8.4111"
"Kansas","North Carolina","Cereal grains","Rail","565.6150","726.28510086","99.5164"
"Kansas","Oklahoma","Cereal grains","Truck","2332.1537","607.63486900","166.4191"
"Kansas","Oregon","Cereal grains","Truck","747.5680","1315.09682503","27.9243"
"Kansas","South Dakota","Cereal grains","Truck","1.3307","0.69121409","0.0769"
"Kansas","Tennessee","Cereal grains","Rail","1182.7790","1167.37185277","96.2596"
"Kansas","Texas","Cereal grains","Truck","2302.0501","1233.95264728","283.1252"
"Kansas","Texas","Cereal grains","Rail","4858.7610","3516.10506875","360.0466"
"Kansas","Texas","Cereal grains","Other and unknown","18.3590","9.46855591","8.2708"
"Kansas","Washington","Cereal grains","Rail","224.3410","422.82236125","131.2093"
"Kansas","Wisconsin","Cereal grains","Truck","179.7400","134.99915154","33.8054"
"Kansas","Wyoming","Cereal grains","Truck","0.0425","0.03266127","0.0024"
"Kentucky","Alabama","Cereal grains","Truck","5.9709","2.61981822","0.3453"
"Kentucky","Arkansas","Cereal grains","Truck","1.7122","0.99642129","0.0990"
"Kentucky","Georgia","Cereal grains","Truck","7.6265","3.45805961","0.4410"
"Kentucky","Illinois","Cereal grains","Truck","79.6172","29.18462646","4.6003"
"Kentucky","Indiana","Cereal grains","Truck","867.0501","170.02459245","50.0964"
"Kentucky","Kentucky","Cereal grains","Truck","6555.9642","503.62610339","527.9419"
"Kentucky","Louisiana","Cereal grains","Water","699.5010","859.82902045","88.9352"
"Kentucky","Maryland","Cereal grains","Truck","0.0299","0.01796094","0.0017"
"Kentucky","Michigan","Cereal grains","Truck","1.3904","0.59865837","0.0805"
"Kentucky","Mississippi","Cereal grains","Truck","0.5861","0.34165491","0.0339"
"Kentucky","Missouri","Cereal grains","Truck","9.8670","4.72673496","0.5709"
"Kentucky","North Carolina","Cereal grains","Truck","29.9167","13.49254280","1.7288"
"Kentucky","Ohio","Cereal grains","Truck","252.0889","59.86716514","14.5709"
"Kentucky","Pennsylvania","Cereal grains","Truck","0.2211","0.10647914","0.0128"
"Kentucky","South Carolina","Cereal grains","Truck","2.6162","1.03984617","0.1512"
"Kentucky","Tennessee","Cereal grains","Truck","140.8526","31.71853079","8.1419"
"Kentucky","Virginia","Cereal grains","Truck","43.4518","16.33268846","2.5107"
"Kentucky","West Virginia","Cereal grains","Truck","12.5989","3.62849867","0.7286"
"Louisiana","Alabama","Cereal grains","Truck","34.7452","12.24023255","17.3276"
"Louisiana","Arkansas","Cereal grains","Truck","59.5016","22.40081700","4.8155"
"Louisiana","Florida","Cereal grains","Truck","2.8693","1.81688068","0.1659"
"Louisiana","Iowa","Cereal grains","Multiple modes & mail","15.7070","18.45529910","0.0081"
"Louisiana","Louisiana","Cereal grains","Truck","10539.6487","733.78394348","1204.9049"
"Louisiana","Louisiana","Cereal grains","Water","27249.7710","639.22652358","8140.4199"
"Louisiana","Mississippi","Cereal grains","Truck","341.1034","78.31476514","31.5192"
"Louisiana","Mississippi","Cereal grains","Other and unknown","0.0190","0.00579676","2.5680"
"Louisiana","Missouri","Cereal grains","Truck","0.0914","0.05921505","0.0827"
"Louisiana","Missouri","Cereal grains","Other and unknown","2.8800","2.40993631","0.4082"
"Louisiana","Oklahoma","Cereal grains","Truck","2.7373","1.46681520","0.1582"
"Louisiana","Tennessee","Cereal grains","Truck","0.0537","0.02217589","0.0032"
"Louisiana","Texas","Cereal grains","Truck","137.9188","63.51312414","14.5422"
"Maine","Connecticut","Cereal grains","Truck","1.7890","0.49107015","0.1042"
"Maine","Maine","Cereal grains","Truck","399.6560","28.08540106","23.0974"
"Maine","Massachusetts","Cereal grains","Truck","6.1640","1.16657005","0.3627"
"Maine","New Hampshire","Cereal grains","Truck","10.4189","1.56240081","0.6035"
"Maine","New York","Cereal grains","Truck","0.6789","0.26154463","0.0395"
"Maine","Rhode Island","Cereal grains","Truck","0.3499","0.08134772","0.0206"
"Maine","Vermont","Cereal grains","Truck","3.2462","0.75237509","0.1878"
"Maryland","Connecticut","Cereal grains","Truck","0.1123","0.03219486","0.0068"
"Maryland","Delaware","Cereal grains","Truck","199.6603","28.54862725","18.6450"
"Maryland","Washington DC","Cereal grains","Truck","0.1351","0.00464682","0.0162"
"Maryland","Kentucky","Cereal grains","Truck","0.0007","0.00042101","0.0000"
"Maryland","Maryland","Cereal grains","Truck","1069.9243","39.41753529","76.0374"
"Maryland","Massachusetts","Cereal grains","Truck","0.0001","0.00004020","0.0000"
"Maryland","New Jersey","Cereal grains","Truck","9.0875","1.30835608","0.5276"
"Maryland","New York","Cereal grains","Truck","13.5278","5.10869209","2.6988"
"Maryland","North Carolina","Cereal grains","Truck","21.3224","8.35810353","1.5783"
"Maryland","Ohio","Cereal grains","Truck","0.3633","0.14608493","0.0211"
"Maryland","Pennsylvania","Cereal grains","Truck","194.0341","31.55099573","10.2425"
"Maryland","Pennsylvania","Cereal grains","Rail","3.2820","0.72905768","0.2253"
"Maryland","Virginia","Cereal grains","Truck","79.0267","13.71563402","7.4147"
"Maryland","West Virginia","Cereal grains","Truck","12.9684","3.56255068","0.7494"
"Massachusetts","Connecticut","Cereal grains","Truck","366.5129","35.22753597","21.1799"
"Massachusetts","Delaware","Cereal grains","Truck","0.0479","0.01560506","0.0028"
"Massachusetts","Maine","Cereal grains","Truck","35.6872","6.94067410","2.0624"
"Massachusetts","Maryland","Cereal grains","Truck","0.0583","0.02437933","0.0033"
"Massachusetts","Massachusetts","Cereal grains","Truck","7217.7892","278.94607787","417.0509"
"Massachusetts","New Hampshire","Cereal grains","Truck","172.0733","14.31097033","9.9436"
"Massachusetts","New Jersey","Cereal grains","Truck","11.7652","2.99679012","0.6828"
"Massachusetts","New York","Cereal grains","Truck","97.9161","19.59146612","5.6653"
"Massachusetts","Pennsylvania","Cereal grains","Truck","5.6414","1.94280919","0.3266"
"Massachusetts","Rhode Island","Cereal grains","Truck","156.7941","10.41696528","9.0622"
"Massachusetts","Vermont","Cereal grains","Truck","41.6951","8.01455288","2.4092"
"Michigan","Illinois","Cereal grains","Truck","36.6855","11.38257630","2.1272"
"Michigan","Indiana","Cereal grains","Truck","376.6647","103.39203117","21.7653"
"Michigan","Iowa","Cereal grains","Truck","9.7210","5.59867697","0.5617"
"Michigan","Kentucky","Cereal grains","Truck","1.0369","0.43057395","0.0600"
"Michigan","Kentucky","Cereal grains","Air (include truck-air)","6.1420","2.36770854","1.1339"
"Michigan","Michigan","Cereal grains","Truck","23380.4014","1545.77565719","1444.5559"
"Michigan","Minnesota","Cereal grains","Truck","81.1476","60.43328947","4.6887"
"Michigan","Missouri","Cereal grains","Truck","0.0203","0.01461191","0.0012"
"Michigan","Nebraska","Cereal grains","Truck","0.0658","0.05270923","0.0038"
"Michigan","New York","Cereal grains","Truck","0.0153","0.00810356","0.0009"
"Michigan","North Dakota","Cereal grains","Truck","0.0195","0.02043789","0.0011"
"Michigan","Ohio","Cereal grains","Truck","1383.7235","266.40821186","122.9274"
"Michigan","Pennsylvania","Cereal grains","Truck","6.7547","2.89404634","0.3905"
"Michigan","South Dakota","Cereal grains","Truck","0.3218","0.31053132","0.0186"
"Michigan","West Virginia","Cereal grains","Truck","0.1505","0.05740165","0.0087"
"Michigan","Wisconsin","Cereal grains","Truck","283.4507","101.63825618","16.3782"
"Minnesota","Arkansas","Cereal grains","Rail","142.4570","147.07444029","3.1717"
"Minnesota","California","Cereal grains","Rail","0.0670","0.14759389","0.0862"
"Minnesota","Colorado","Cereal grains","Rail","6.6580","7.31422057","0.7153"
"Minnesota","Illinois","Cereal grains","Truck","3.5824","1.83476693","0.2071"
"Minnesota","Illinois","Cereal grains","Rail","14.5900","6.50165116","1.3869"
"Minnesota","Iowa","Cereal grains","Truck","701.9882","202.36926163","41.5333"
"Minnesota","Iowa","Cereal grains","Rail","13.7880","5.49041934","0.1012"
"Minnesota","Kansas","Cereal grains","Truck","0.0010","0.00067326","0.0001"
"Minnesota","Louisiana","Cereal grains","Truck","2.6540","3.20425810","14.1669"
"Minnesota","Louisiana","Cereal grains","Water","15261.0550","26810.82173811","640.4776"
"Minnesota","Michigan","Cereal grains","Truck","379.2032","275.76882294","21.9080"
"Minnesota","Michigan","Cereal grains","Rail","3.6410","2.29125187","0.1530"
"Minnesota","Minnesota","Cereal grains","Truck","39982.0720","2558.97052050","2406.3953"
"Minnesota","Minnesota","Cereal grains","Rail","1839.7050","256.42148682","251.1336"
"Minnesota","Minnesota","Cereal grains","Water","100.4130","12.84414821","8.8389"
"Minnesota","Minnesota","Cereal grains","Other and unknown","255.2920","27.23107636","32.4806"
"Minnesota","Missouri","Cereal grains","Truck","0.2125","0.12842661","0.1199"
"Minnesota","Missouri","Cereal grains","Rail","75.6060","59.88981432","6.6769"
"Minnesota","Nebraska","Cereal grains","Truck","5.3483","2.22574380","0.3091"
"Minnesota","North Carolina","Cereal grains","Multiple modes & mail","0.8420","1.21440458","0.5877"
"Minnesota","North Dakota","Cereal grains","Truck","418.2913","153.20336384","24.1668"
"Minnesota","North Dakota","Cereal grains","Rail","0.3660","0.15055614","22.6677"
"Minnesota","North Dakota","Cereal grains","Multiple modes & mail","1.6560","0.65475649","0.3922"
"Minnesota","Ohio","Cereal grains","Truck","0.3080","0.23160819","2.6945"
"Minnesota","Ohio","Cereal grains","Multiple modes & mail","7.5760","6.18506317","0.3979"
"Minnesota","Oklahoma","Cereal grains","Rail","76.2120","73.93442716","3.2534"
"Minnesota","South Dakota","Cereal grains","Truck","147.8789","54.00552536","13.4047"
"Minnesota","Tennessee","Cereal grains","Water","147.6230","158.53239515","16.3507"
"Minnesota","Texas","Cereal grains","Rail","233.3341","304.82482435","38.1386"
"Minnesota","Virginia","Cereal grains","Truck","0.8230","1.01206810","2.0953"
"Minnesota","Virginia","Cereal grains","Rail","0.7360","0.92622569","0.3645"
"Minnesota","Washington","Cereal grains","Rail","2035.2990","3571.92281772","42.3752"
"Minnesota","West Virginia","Cereal grains","Truck","28.5010","28.67379611","2.2402"
"Minnesota","Wisconsin","Cereal grains","Truck","1781.9621","504.91559023","99.9194"
"Minnesota","Wisconsin","Cereal grains","Rail","301.9750","121.76009909","56.8687"
"Mississippi","Alabama","Cereal grains","Truck","715.3667","171.13958687","36.9924"
"Mississippi","Arizona","Cereal grains","Truck","0.4380","0.65900512","0.0828"
"Mississippi","Arkansas","Cereal grains","Truck","170.7292","55.93874106","9.4329"
"Mississippi","Arkansas","Cereal grains","Other and unknown","0.1210","0.04456129","0.2254"
"Mississippi","Florida","Cereal grains","Truck","28.3297","19.15795377","1.2219"
"Mississippi","Georgia","Cereal grains","Truck","4.8819","2.10783146","0.2822"
"Mississippi","Illinois","Cereal grains","Truck","1.1553","0.72651177","0.0667"
"Mississippi","Indiana","Cereal grains","Truck","0.0564","0.03787012","0.0033"
"Mississippi","Kentucky","Cereal grains","Truck","8.5374","4.55448179","0.4933"
"Mississippi","Louisiana","Cereal grains","Truck","452.2156","112.79700709","63.8297"
"Mississippi","Louisiana","Cereal grains","Water","530.6610","208.87853085","26.1982"
"Mississippi","Mississippi","Cereal grains","Truck","8062.5759","798.59436143","540.9135"
"Mississippi","Mississippi","Cereal grains","Rail","8.0620","1.05445257","21.7925"
"Mississippi","Mississippi","Cereal grains","Other and unknown","1.0570","0.11391743","2.8635"
"Mississippi","Missouri","Cereal grains","Truck","8.4223","4.28630649","0.4866"
"Mississippi","New Jersey","Cereal grains","Truck","38.8930","44.81901684","5.4499"
"Mississippi","Oklahoma","Cereal grains","Truck","0.0248","0.01441798","0.0014"
"Mississippi","Tennessee","Cereal grains","Truck","203.9019","78.34869965","21.3787"
"Mississippi","Texas","Cereal grains","Truck","2.7272","1.73937722","0.1576"
"Missouri","Alabama","Cereal grains","Truck","0.6971","0.41362188","0.0403"
"Missouri","Arkansas","Cereal grains","Truck","1776.4364","563.15833594","113.4618"
"Missouri","Arkansas","Cereal grains","Rail","358.9230","159.38681026","21.4096"
"Missouri","California","Cereal grains","Rail","230.5440","406.20165501","27.3551"
"Missouri","Colorado","Cereal grains","Truck","145.7100","99.06010889","7.0875"
"Missouri","Illinois","Cereal grains","Truck","7197.6619","705.05953548","423.7067"
"Missouri","Illinois","Cereal grains","Rail","107.3130","28.91394978","15.1801"
"Missouri","Indiana","Cereal grains","Truck","676.6793","318.49021423","66.3893"
"Missouri","Iowa","Cereal grains","Truck","327.3641","105.61950163","18.9142"
"Missouri","Kansas","Cereal grains","Truck","3528.8012","375.31984384","527.6606"
"Missouri","Kansas","Cereal grains","Rail","519.9620","100.16325294","53.3370"
"Missouri","Kentucky","Cereal grains","Truck","106.2069","41.85148582","6.1364"
"Missouri","Louisiana","Cereal grains","Truck","0.0030","0.00184056","0.0001"
"Missouri","Louisiana","Cereal grains","Water","2778.6120","2943.78831315","262.3840"
"Missouri","Louisiana","Cereal grains","Other and unknown","427.1910","336.77818927","0.0000"
"Missouri","Michigan","Cereal grains","Truck","52.5310","37.91869281","3.2982"
"Missouri","Minnesota","Cereal grains","Truck","0.3414","0.21198070","0.0197"
"Missouri","Minnesota","Cereal grains","Rail","393.4370","202.17453075","62.5359"
"Missouri","Mississippi","Cereal grains","Truck","563.9882","328.70561014","88.9201"
"Missouri","Missouri","Cereal grains","Truck","28657.7964","1785.58762801","1642.3234"
"Missouri","Missouri","Cereal grains","Rail","491.4709","47.95704633","32.6140"
"Missouri","Missouri","Cereal grains","Other and unknown","22.5560","0.57250549","0.8096"
"Missouri","Nebraska","Cereal grains","Truck","928.5992","242.48344152","98.0521"
"Missouri","Nebraska","Cereal grains","Rail","595.5770","157.61449992","37.0323"
"Missouri","New Mexico","Cereal grains","Rail","170.0220","175.58594170","6.0421"
"Missouri","North Carolina","Cereal grains","Rail","3.4610","4.16827913","2.4759"
"Missouri","North Dakota","Cereal grains","Truck","239.7930","212.81214723","36.1250"
"Missouri","Oklahoma","Cereal grains","Truck","937.5029","290.67053449","73.1980"
"Missouri","Oklahoma","Cereal grains","Rail","316.4850","137.73718399","69.9487"
"Missouri","South Dakota","Cereal grains","Truck","0.3309","0.20556317","0.0191"
"Missouri","Tennessee","Cereal grains","Truck","409.3469","229.21312435","40.8744"
"Missouri","Tennessee","Cereal grains","Rail","373.5950","247.26375910","11.7185"
"Missouri","Texas","Cereal grains","Truck","1791.0291","1118.80255944","104.5880"
"Missouri","Texas","Cereal grains","Rail","3156.9251","2066.00532894","420.6078"
"Missouri","Virginia","Cereal grains","Rail","323.9460","364.09137574","55.1218"
"Missouri","Wisconsin","Cereal grains","Truck","0.3211","0.18740869","0.0186"
"Montana","Arizona","Cereal grains","Rail","84.0760","153.07453026","7.3784"
"Montana","California","Cereal grains","Rail","729.8390","1095.43448038","100.9516"
"Montana","California","Cereal grains","Other and unknown","0.0490","0.07538223","1.3167"
"Montana","Idaho","Cereal grains","Truck","374.1717","172.80331993","44.1645"
"Montana","Idaho","Cereal grains","Rail","36.4040","23.11701402","6.9736"
"Montana","Minnesota","Cereal grains","Truck","38.8820","40.41140893","8.5905"
"Montana","Montana","Cereal grains","Truck","8438.2834","1052.43763470","535.8917"
"Montana","Montana","Cereal grains","Other and unknown","0.0000","0.00000000","2.3943"
"Montana","Nebraska","Cereal grains","Truck","0.0052","0.00530017","0.0003"
"Montana","Nebraska","Cereal grains","Rail","29.3510","31.86508249","6.9518"
"Montana","New Jersey","Cereal grains","Truck","4.2000","9.25889329","1.5985"
"Montana","North Dakota","Cereal grains","Truck","174.4714","112.02400763","27.3440"
"Montana","Oregon","Cereal grains","Rail","690.9890","648.27130538","108.6739"
"Montana","South Dakota","Cereal grains","Truck","5.1466","4.17465672","0.2974"
"Montana","Utah","Cereal grains","Truck","32.4614","18.76002553","2.1056"
"Montana","Virginia","Cereal grains","Truck","11.6140","25.53478096","0.9660"
"Montana","Washington","Cereal grains","Truck","101.5327","64.04261885","5.5062"
"Montana","Wyoming","Cereal grains","Truck","43.9849","19.87453892","5.8474"
"Nebraska","Alabama","Cereal grains","Truck","22.6190","23.03072045","22.2629"
"Nebraska","Arkansas","Cereal grains","Rail","351.3350","253.96724058","46.5796"
"Nebraska","California","Cereal grains","Truck","34.3350","53.50229173","12.1762"
"Nebraska","California","Cereal grains","Rail","73.4060","128.86926750","9.1816"
"Nebraska","Colorado","Cereal grains","Truck","236.1619","131.57115868","25.3350"
"Nebraska","Florida","Cereal grains","Truck","21.4690","31.91191561","4.9807"
"Nebraska","Georgia","Cereal grains","Truck","50.0920","53.15540368","19.5707"
"Nebraska","Idaho","Cereal grains","Truck","11.7150","13.47072707","4.0239"
"Nebraska","Illinois","Cereal grains","Truck","106.6458","57.57566289","39.7831"
"Nebraska","Illinois","Cereal grains","Rail","1031.2560","594.98255484","81.1751"
"Nebraska","Indiana","Cereal grains","Truck","53.3020","36.83172786","33.8894"
"Nebraska","Iowa","Cereal grains","Truck","11867.3558","3477.87042470","686.8741"
"Nebraska","Kansas","Cereal grains","Truck","729.8590","201.86663900","92.0325"
"Nebraska","Kansas","Cereal grains","Rail","786.0130","317.14579870","55.0977"
"Nebraska","Louisiana","Cereal grains","Truck","25.8531","27.99189090","5.9432"
"Nebraska","Maryland","Cereal grains","Truck","2.2470","2.78865504","1.2363"
"Nebraska","Massachusetts","Cereal grains","Rail","126.8280","202.47715043","20.6080"
"Nebraska","Michigan","Cereal grains","Truck","11.1803","8.53801226","2.3949"
"Nebraska","Minnesota","Cereal grains","Truck","136.1279","60.08348033","14.1863"
"Nebraska","Missouri","Cereal grains","Truck","247.4335","102.19891943","14.2955"
"Nebraska","Montana","Cereal grains","Truck","0.0512","0.05380623","0.0030"
"Nebraska","Nebraska","Cereal grains","Truck","77009.5291","5103.30657826","5480.5586"
"Nebraska","Nebraska","Cereal grains","Rail","3852.0230","263.40499549","389.3314"
"Nebraska","Nevada","Cereal grains","Truck","0.2880","0.39995968","0.0161"
"Nebraska","New Jersey","Cereal grains","Truck","134.4570","177.63623245","48.5576"
"Nebraska","North Dakota","Cereal grains","Truck","0.2672","0.14218966","0.0154"
"Nebraska","Ohio","Cereal grains","Truck","25.6670","22.21852691","16.3392"
"Nebraska","Oklahoma","Cereal grains","Truck","0.6575","0.32773795","0.0380"
"Nebraska","Oregon","Cereal grains","Truck","0.8740","1.41342170","0.4750"
"Nebraska","Pennsylvania","Cereal grains","Truck","52.8830","62.36204218","42.7455"
"Nebraska","Pennsylvania","Cereal grains","Rail","144.6260","190.18935633","37.4739"
"Nebraska","South Dakota","Cereal grains","Truck","260.4828","74.85317762","29.4944"
"Nebraska","Texas","Cereal grains","Truck","50.4796","37.94670707","26.9120"
"Nebraska","Texas","Cereal grains","Rail","2214.1160","2225.76056475","235.7950"
"Nebraska","Utah","Cereal grains","Rail","84.6940","83.44032045","10.2442"
"Nebraska","Washington","Cereal grains","Truck","2.6860","4.15473483","0.3393"
"Nebraska","Wyoming","Cereal grains","Truck","65.1271","40.81702888","3.7627"
"Nevada","Arizona","Cereal grains","Truck","64.2754","22.33386033","3.7147"
"Nevada","California","Cereal grains","Truck","281.7514","100.65549903","16.2876"
"Nevada","Idaho","Cereal grains","Truck","6.0657","2.85914390","0.3506"
"Nevada","Nevada","Cereal grains","Truck","207.3801","18.89833142","11.9937"
"Nevada","New Hampshire","Cereal grains","Truck","3.9751","10.87213885","0.2296"
"Nevada","Oregon","Cereal grains","Truck","0.5183","0.25960081","0.0300"
"Nevada","Utah","Cereal grains","Truck","26.1371","10.09749136","1.5104"
"New Hampshire","Connecticut","Cereal grains","Truck","39.4208","5.85470489","2.2782"
"New Hampshire","Idaho","Cereal grains","Truck","0.0973","0.25590682","0.0056"
"New Hampshire","Maine","Cereal grains","Truck","70.4369","11.36683922","16.2465"
"New Hampshire","Massachusetts","Cereal grains","Truck","296.1292","24.44984045","23.3656"
"New Hampshire","Nevada","Cereal grains","Truck","0.0420","0.11997536","0.0024"
"New Hampshire","New Hampshire","Cereal grains","Truck","1573.4853","68.15093780","126.5205"
"New Hampshire","New Jersey","Cereal grains","Truck","1.4382","0.40974576","0.0833"
"New Hampshire","New York","Cereal grains","Truck","35.7363","8.38762093","2.0661"
"New Hampshire","Pennsylvania","Cereal grains","Truck","0.1841","0.07577729","0.0106"
"New Hampshire","Rhode Island","Cereal grains","Truck","7.6650","0.91089916","0.4431"
"New Hampshire","Utah","Cereal grains","Truck","0.1156","0.27822729","0.0067"
"New Hampshire","Vermont","Cereal grains","Truck","115.3361","16.24069032","26.4920"
"New Jersey","Connecticut","Cereal grains","Truck","28.6678","3.62084929","1.6576"
"New Jersey","Delaware","Cereal grains","Truck","35.2366","3.64378741","2.0366"
"New Jersey","Washington DC","Cereal grains","Truck","0.0060","0.00113195","0.0007"
"New Jersey","Maryland","Cereal grains","Truck","37.0997","7.15056737","2.1448"
"New Jersey","Massachusetts","Cereal grains","Truck","4.9100","1.12798937","0.2845"
"New Jersey","New Hampshire","Cereal grains","Truck","0.4868","0.13636070","0.0281"
"New Jersey","New Jersey","Cereal grains","Truck","4940.8512","161.05955936","287.0081"
"New Jersey","New York","Cereal grains","Truck","730.8006","51.15040348","185.9395"
"New Jersey","North Carolina","Cereal grains","Truck","0.0480","0.02578295","0.0028"
"New Jersey","Pennsylvania","Cereal grains","Truck","318.6978","40.97908344","18.4204"
"New Jersey","Rhode Island","Cereal grains","Truck","0.9095","0.19621771","0.0527"
"New Jersey","Vermont","Cereal grains","Truck","1.1398","0.33938085","0.0658"
"New Jersey","Virginia","Cereal grains","Truck","4.3210","1.49373125","0.2502"
"New Jersey","West Virginia","Cereal grains","Truck","0.5033","0.22443283","0.0290"
"New Mexico","Arizona","Cereal grains","Truck","44.9600","20.98511592","2.5984"
"New Mexico","Colorado","Cereal grains","Truck","155.9519","69.01679576","9.0107"
"New Mexico","Kansas","Cereal grains","Truck","5.1161","3.44068864","0.2956"
"New Mexico","New Mexico","Cereal grains","Truck","3599.5820","349.91320115","205.0896"
"New Mexico","New Mexico","Cereal grains","Rail","53.5570","8.43955250","6.8391"
"New Mexico","Oklahoma","Cereal grains","Truck","11.7936","7.28360789","0.6814"
"New Mexico","Texas","Cereal grains","Truck","359.4012","233.82039143","20.7670"
"New Mexico","Texas","Cereal grains","Rail","91.6600","68.58419513","118.2579"
"New Mexico","Utah","Cereal grains","Truck","1.4266","0.88658193","0.0824"
"New York","Connecticut","Cereal grains","Truck","86.0434","8.46533862","4.9749"
"New York","Delaware","Cereal grains","Truck","12.9834","2.18205064","0.7504"
"New York","Washington DC","Cereal grains","Truck","0.0030","0.00083986","0.0004"
"New York","Maine","Cereal grains","Truck","0.1580","0.05977389","0.0091"
"New York","Maryland","Cereal grains","Truck","20.2300","5.11277252","1.1696"
"New York","Massachusetts","Cereal grains","Truck","13.2019","2.58156531","0.7658"
"New York","Michigan","Cereal grains","Truck","0.0039","0.00204845","0.0002"
"New York","New Hampshire","Cereal grains","Truck","1.7985","0.43025445","0.1043"
"New York","New Jersey","Cereal grains","Truck","530.5162","34.74409815","30.6622"
"New York","New York","Cereal grains","Truck","4032.5377","188.07092393","283.2688"
"New York","Ohio","Cereal grains","Truck","1.5357","0.46115835","0.0903"
"New York","Pennsylvania","Cereal grains","Truck","170.1791","32.74484482","9.8392"
"New York","Rhode Island","Cereal grains","Truck","1.8733","0.35067703","0.1085"
"New York","Vermont","Cereal grains","Truck","8.9220","1.87634493","0.5160"
"New York","Virginia","Cereal grains","Truck","1.4268","0.52427060","0.0826"
"New York","West Virginia","Cereal grains","Truck","0.2772","0.13655608","0.0161"
"North Carolina","Alabama","Cereal grains","Truck","2.0708","1.11853581","0.1198"
"North Carolina","Delaware","Cereal grains","Truck","0.9472","0.41845266","0.0548"
"North Carolina","Washington DC","Cereal grains","Truck","0.0108","0.00338566","0.0013"
"North Carolina","Georgia","Cereal grains","Truck","64.8251","22.94294249","3.7489"
"North Carolina","Kentucky","Cereal grains","Truck","1.7988","0.88369143","0.1041"
"North Carolina","Maryland","Cereal grains","Truck","2.2269","0.83759717","0.1298"
"North Carolina","New Jersey","Cereal grains","Truck","0.0129","0.00656020","0.0008"
"North Carolina","North Carolina","Cereal grains","Truck","9595.7480","646.81666457","636.4432"
"North Carolina","Ohio","Cereal grains","Truck","0.0426","0.02093562","0.0025"
"North Carolina","Pennsylvania","Cereal grains","Truck","0.0263","0.01291347","0.0015"
"North Carolina","South Carolina","Cereal grains","Truck","209.1560","33.77304655","12.0914"
"North Carolina","Tennessee","Cereal grains","Truck","29.4847","11.62343535","1.7052"
"North Carolina","Virginia","Cereal grains","Truck","98.2235","18.29738853","5.6838"
"North Carolina","West Virginia","Cereal grains","Truck","2.3522","0.74683468","0.1364"
"North Dakota","California","Cereal grains","Truck","16.9150","30.16005753","1.3030"
"North Dakota","California","Cereal grains","Rail","790.7770","1720.17885409","89.6759"
"North Dakota","Florida","Cereal grains","Rail","5.3540","10.68763076","0.1403"
"North Dakota","Illinois","Cereal grains","Rail","214.6790","183.03996484","37.5912"
"North Dakota","Indiana","Cereal grains","Truck","10.1190","9.56255966","0.3209"
"North Dakota","Iowa","Cereal grains","Truck","3.7692","2.21585705","0.2178"
"North Dakota","Kansas","Cereal grains","Rail","296.0750","254.60033986","83.5671"
"North Dakota","Louisiana","Cereal grains","Multiple modes & mail","5.8761","9.89336653","0.0000"
"North Dakota","Massachusetts","Cereal grains","Rail","48.8200","88.75412773","108.0333"
"North Dakota","Michigan","Cereal grains","Truck","33.7722","35.37047998","1.8939"
"North Dakota","Minnesota","Cereal grains","Truck","10577.5684","3756.96770740","756.8244"
"North Dakota","Minnesota","Cereal grains","Rail","3761.2070","1400.27958907","380.0291"
"North Dakota","Minnesota","Cereal grains","Other and unknown","12.8520","4.79476515","25.8934"
"North Dakota","Missouri","Cereal grains","Truck","4.5870","4.32935882","0.0771"
"North Dakota","Missouri","Cereal grains","Rail","276.4490","266.04297350","76.1116"
"North Dakota","Montana","Cereal grains","Truck","237.7673","159.19402034","15.4046"
"North Dakota","Montana","Cereal grains","Rail","0.4300","0.31880950","1.7503"
"North Dakota","Nebraska","Cereal grains","Truck","0.4657","0.24455107","0.0269"
"North Dakota","New Hampshire","Cereal grains","Truck","15.2280","26.66915252","5.4729"
"North Dakota","New York","Cereal grains","Truck","57.7290","88.12545990","38.0754"
"North Dakota","New York","Cereal grains","Rail","1502.1090","2205.00910124","29.7229"
"North Dakota","North Carolina","Cereal grains","Truck","17.8560","27.36715499","2.4104"
"North Dakota","North Carolina","Cereal grains","Rail","66.7230","115.58914082","1.1443"
"North Dakota","North Dakota","Cereal grains","Truck","34812.4525","3132.77060005","2647.4758"
"North Dakota","North Dakota","Cereal grains","Rail","279.0480","30.56921492","44.4786"
"North Dakota","Oklahoma","Cereal grains","Truck","5.7400","5.57503958","0.2427"
"North Dakota","Oregon","Cereal grains","Truck","8.1820","11.92059400","0.0000"
"North Dakota","Oregon","Cereal grains","Rail","18.4160","27.72987986","2.6726"
"North Dakota","Pennsylvania","Cereal grains","Truck","31.0670","43.74266592","4.3148"
"North Dakota","South Dakota","Cereal grains","Truck","591.5083","189.24022223","42.7513"
"North Dakota","Tennessee","Cereal grains","Rail","79.0550","109.06811875","13.4527"
"North Dakota","Texas","Cereal grains","Rail","11.6749","16.57147829","21.0635"
"North Dakota","Vermont","Cereal grains","Truck","61.0740","103.87750785","4.2504"
"North Dakota","Virginia","Cereal grains","Rail","188.3670","302.91902162","19.4879"
"North Dakota","Washington","Cereal grains","Rail","180.6690","243.96545545","61.1846"
"North Dakota","Wisconsin","Cereal grains","Truck","553.4857","329.94093022","71.2432"
"North Dakota","Wisconsin","Cereal grains","Rail","1214.1180","750.21562628","127.4568"
"North Dakota","Wyoming","Cereal grains","Truck","1.2398","0.80887386","0.0716"
"Ohio","Delaware","Cereal grains","Rail","6946.6460","4030.37674520","539.9825"
"Ohio","Washington DC","Cereal grains","Truck","0.0003","0.00012181","0.0000"
"Ohio","Georgia","Cereal grains","Rail","1576.6810","881.13812204","143.9501"
"Ohio","Illinois","Cereal grains","Truck","24.6837","8.58122885","1.4274"
"Ohio","Indiana","Cereal grains","Truck","1526.8804","339.16009576","152.2019"
"Ohio","Kentucky","Cereal grains","Truck","641.5412","111.97986524","37.0665"
"Ohio","Louisiana","Cereal grains","Water","846.4860","1111.22624803","38.0248"
"Ohio","Maryland","Cereal grains","Truck","2.4701","0.98306117","0.1429"
"Ohio","Michigan","Cereal grains","Truck","2388.8984","534.89356690","187.5824"
"Ohio","Michigan","Cereal grains","Other and unknown","271.4820","53.22253943","1.2788"
"Ohio","Montana","Cereal grains","Truck","21.9230","38.50239319","4.0607"
"Ohio","New York","Cereal grains","Truck","40.2706","12.68186051","2.3272"
"Ohio","North Carolina","Cereal grains","Truck","0.6210","0.31407857","0.0359"
"Ohio","North Carolina","Cereal grains","Rail","7375.3950","5182.26258342","800.0181"
"Ohio","Ohio","Cereal grains","Truck","24162.2989","1392.99006995","1484.9899"
"Ohio","Ohio","Cereal grains","Rail","1044.3550","114.46764167","141.4454"
"Ohio","Ohio","Cereal grains","Water","1235.1780","776.64221662","84.6492"
"Ohio","Ohio","Cereal grains","Other and unknown","13.8350","1.34856615","9.1195"
"Ohio","Pennsylvania","Cereal grains","Truck","295.2415","82.09362173","17.0623"
"Ohio","Pennsylvania","Cereal grains","Rail","4333.3210","2459.95259235","392.5502"
"Ohio","Tennessee","Cereal grains","Truck","4.0669","1.39806832","0.2351"
"Ohio","Tennessee","Cereal grains","Rail","537.2400","206.99780753","75.8437"
"Ohio","Virginia","Cereal grains","Truck","4.8062","1.97346524","0.2777"
"Ohio","West Virginia","Cereal grains","Truck","62.0306","13.78829845","3.5851"
"Ohio","Wisconsin","Cereal grains","Truck","0.0234","0.01151568","0.0013"
"Oklahoma","Arkansas","Cereal grains","Truck","1645.3891","476.23698294","95.0623"
"Oklahoma","Colorado","Cereal grains","Truck","1.4667","1.03352816","0.0847"
"Oklahoma","Iowa","Cereal grains","Truck","0.0140","0.00855992","0.0008"
"Oklahoma","Kansas","Cereal grains","Truck","1599.3834","378.15615361","92.4056"
"Oklahoma","Louisiana","Cereal grains","Truck","4.1148","2.24942494","0.2377"
"Oklahoma","Louisiana","Cereal grains","Water","139.2820","133.51709834","31.5871"
"Oklahoma","Minnesota","Cereal grains","Water","2.8580","4.72706417","0.4934"
"Oklahoma","Mississippi","Cereal grains","Truck","0.0793","0.04861863","0.0046"
"Oklahoma","Missouri","Cereal grains","Truck","681.7667","215.07525033","39.3902"
"Oklahoma","Nebraska","Cereal grains","Truck","1.9359","0.89560333","0.1119"
"Oklahoma","New Mexico","Cereal grains","Truck","3.7883","2.37663927","0.2189"
"Oklahoma","Oklahoma","Cereal grains","Truck","71210.6864","4208.71836377","4476.0743"
"Oklahoma","Tennessee","Cereal grains","Water","90.8310","117.77816797","15.4997"
"Oklahoma","Texas","Cereal grains","Truck","1510.0319","593.16823739","87.2569"
"Oregon","California","Cereal grains","Truck","63.3197","39.58140087","3.6588"
"Oregon","Idaho","Cereal grains","Truck","34.7424","18.11175340","2.0079"
"Oregon","Nevada","Cereal grains","Truck","0.1886","0.09214041","0.0110"
"Oregon","Oregon","Cereal grains","Truck","5556.6663","340.83053209","321.0617"
"Oregon","Washington","Cereal grains","Truck","338.5355","83.19304767","19.5646"
"Oregon","Washington","Cereal grains","Rail","459.9350","115.05638922","23.7739"
"Oregon","Washington","Cereal grains","Water","147.3770","42.37377653","18.2079"
"Pennsylvania","Connecticut","Cereal grains","Truck","1.9759","0.48060524","0.1151"
"Pennsylvania","Delaware","Cereal grains","Truck","20.7691","1.57701423","1.2014"
"Pennsylvania","Washington DC","Cereal grains","Truck","0.0174","0.00324492","0.0021"
"Pennsylvania","Indiana","Cereal grains","Truck","0.1584","0.06745505","0.0091"
"Pennsylvania","Kentucky","Cereal grains","Truck","0.0842","0.03606015","0.0049"
"Pennsylvania","Maryland","Cereal grains","Truck","33.4566","5.53688062","1.9374"
"Pennsylvania","Massachusetts","Cereal grains","Truck","0.4266","0.14204566","0.0250"
"Pennsylvania","Michigan","Cereal grains","Truck","0.9579","0.36815833","0.0557"
"Pennsylvania","New Hampshire","Cereal grains","Truck","0.0088","0.00362128","0.0005"
"Pennsylvania","New Jersey","Cereal grains","Truck","218.9368","14.94947742","12.6565"
"Pennsylvania","New York","Cereal grains","Truck","37.6049","9.33901697","2.1826"
"Pennsylvania","North Carolina","Cereal grains","Truck","0.0061","0.00302859","0.0004"
"Pennsylvania","Ohio","Cereal grains","Truck","82.7135","16.96401697","4.7835"
"Pennsylvania","Pennsylvania","Cereal grains","Truck","2455.6274","193.14209309","162.4365"
"Pennsylvania","Rhode Island","Cereal grains","Truck","0.0935","0.02952645","0.0055"
"Pennsylvania","Vermont","Cereal grains","Truck","0.0607","0.02458099","0.0036"
"Pennsylvania","Virginia","Cereal grains","Truck","9.4162","2.90825909","0.5467"
"Pennsylvania","West Virginia","Cereal grains","Truck","10.1150","2.23724142","0.5851"
"Rhode Island","Connecticut","Cereal grains","Truck","58.4157","4.40099445","3.3756"
"Rhode Island","Delaware","Cereal grains","Truck","0.0087","0.00276658","0.0005"
"Rhode Island","Maine","Cereal grains","Truck","0.8954","0.21498357","0.0518"
"Rhode Island","Massachusetts","Cereal grains","Truck","102.6260","7.21900953","5.9318"
"Rhode Island","New Hampshire","Cereal grains","Truck","2.6157","0.31411026","0.1513"
"Rhode Island","New Jersey","Cereal grains","Truck","1.2257","0.29028952","0.0712"
"Rhode Island","New York","Cereal grains","Truck","3.9960","0.85287669","0.2319"
"Rhode Island","Pennsylvania","Cereal grains","Truck","0.6461","0.21235817","0.0375"
"Rhode Island","Rhode Island","Cereal grains","Truck","431.5089","8.58797750","24.9321"
"Rhode Island","Vermont","Cereal grains","Truck","1.5962","0.35077346","0.0922"
"South Carolina","Alabama","Cereal grains","Truck","7.5806","2.75966061","0.4381"
"South Carolina","Florida","Cereal grains","Truck","7.6156","3.10431047","0.4406"
"South Carolina","Georgia","Cereal grains","Truck","605.7594","135.54904836","35.0029"
"South Carolina","Kentucky","Cereal grains","Truck","0.7749","0.29414417","0.0448"
"South Carolina","North Carolina","Cereal grains","Truck","891.7539","156.57592632","51.5295"
"South Carolina","South Carolina","Cereal grains","Truck","6723.5843","445.59465977","388.4635"
"South Carolina","Tennessee","Cereal grains","Truck","22.5317","6.17886406","1.3023"
"South Carolina","Virginia","Cereal grains","Truck","12.2170","3.70501842","0.7062"
"South Carolina","West Virginia","Cereal grains","Truck","0.2387","0.09835669","0.0138"
"South Dakota","California","Cereal grains","Rail","509.8030","1029.59500350","23.1415"
"South Dakota","Colorado","Cereal grains","Truck","22.2479","15.37796148","1.2853"
"South Dakota","Illinois","Cereal grains","Rail","92.9800","78.70043169","3.9422"
"South Dakota","Iowa","Cereal grains","Truck","1358.9972","581.28303771","77.9978"
"South Dakota","Iowa","Cereal grains","Rail","202.6480","97.07899608","3.3649"
"South Dakota","Kansas","Cereal grains","Truck","146.6635","74.47292074","29.4892"
"South Dakota","Michigan","Cereal grains","Truck","5.6344","5.31574715","0.3255"
"South Dakota","Minnesota","Cereal grains","Truck","1841.4500","614.73447459","116.6242"
"South Dakota","Minnesota","Cereal grains","Rail","3730.7980","1349.51700381","477.4559"
"South Dakota","Minnesota","Cereal grains","Multiple modes & mail","13.9780","5.44672442","2.0562"
"South Dakota","Missouri","Cereal grains","Truck","2.2299","1.52071582","0.1888"
"South Dakota","Montana","Cereal grains","Truck","26.3596","21.45418674","1.8263"
"South Dakota","Nebraska","Cereal grains","Truck","2396.5487","684.64519153","238.1620"
"South Dakota","North Dakota","Cereal grains","Truck","311.4792","93.20854473","35.2900"
"South Dakota","Oklahoma","Cereal grains","Truck","33.8690","24.61085452","2.0286"
"South Dakota","Oregon","Cereal grains","Rail","2064.5970","3843.10925630","69.4106"
"South Dakota","South Dakota","Cereal grains","Truck","25026.8204","2410.86220378","1615.8276"
"South Dakota","Texas","Cereal grains","Truck","41.5040","37.70035713","8.5434"
"South Dakota","Texas","Cereal grains","Rail","182.4370","239.78963475","185.1523"
"South Dakota","Utah","Cereal grains","Truck","0.9960","0.83842566","0.8637"
"South Dakota","Washington","Cereal grains","Rail","624.3440","1049.69651576","58.6132"
"South Dakota","Wisconsin","Cereal grains","Truck","2.1902","1.24873245","0.1265"
"South Dakota","Wyoming","Cereal grains","Truck","194.6068","114.22977600","9.8551"
"Tennessee","Alabama","Cereal grains","Truck","4722.5112","1238.67589063","175.2884"
"Tennessee","Arkansas","Cereal grains","Truck","1703.3153","358.02978190","98.4075"
"Tennessee","Georgia","Cereal grains","Truck","3069.0024","920.55295915","168.1843"
"Tennessee","Illinois","Cereal grains","Truck","37.0846","16.38961522","2.1431"
"Tennessee","Indiana","Cereal grains","Truck","39.1061","13.80543445","2.2607"
"Tennessee","Kentucky","Cereal grains","Truck","827.3979","175.09277019","47.8074"
"Tennessee","Louisiana","Cereal grains","Truck","3.8009","1.53051291","0.2197"
"Tennessee","Louisiana","Cereal grains","Water","766.5830","538.46385280","55.6462"
"Tennessee","Mississippi","Cereal grains","Truck","549.8722","126.62780719","31.7700"
"Tennessee","Missouri","Cereal grains","Truck","76.7243","32.32437144","4.4342"
"Tennessee","Missouri","Cereal grains","Multiple modes & mail","0.9210","0.35395013","4.3412"
"Tennessee","North Carolina","Cereal grains","Truck","90.3186","34.35622629","5.2224"
"Tennessee","Ohio","Cereal grains","Truck","3.1324","1.16943873","0.1821"
"Tennessee","South Carolina","Cereal grains","Truck","16.6749","5.48228891","0.9652"
"Tennessee","Tennessee","Cereal grains","Truck","18226.0106","1318.55821766","998.2808"
"Tennessee","Texas","Cereal grains","Truck","0.1966","0.13352212","0.0115"
"Tennessee","Virginia","Cereal grains","Truck","83.2002","32.47113351","4.8077"
"Tennessee","West Virginia","Cereal grains","Truck","1.0533","0.43600743","0.0612"
"Texas","Alabama","Cereal grains","Truck","31.5780","21.06764535","8.0385"
"Texas","Arizona","Cereal grains","Truck","0.1540","0.15346285","0.0089"
"Texas","Arizona","Cereal grains","Rail","0.8690","1.09444114","4.4218"
"Texas","Arkansas","Cereal grains","Truck","74.2033","33.69887622","4.2878"
"Texas","California","Cereal grains","Rail","214.6470","326.83567017","301.4277"
"Texas","Colorado","Cereal grains","Truck","0.1226","0.10541165","0.0071"
"Texas","Idaho","Cereal grains","Truck","1.1320","2.19824071","0.3554"
"Texas","Illinois","Cereal grains","Truck","7.0610","6.81620315","2.8532"
"Texas","Illinois","Cereal grains","Rail","102.8120","117.14582713","81.9387"
"Texas","Kansas","Cereal grains","Truck","2.5631","1.47912935","0.1483"
"Texas","Kansas","Cereal grains","Rail","450.6750","244.67362081","13.0698"
"Texas","Louisiana","Cereal grains","Truck","318.6397","115.18236826","110.0937"
"Texas","Mississippi","Cereal grains","Truck","56.6197","28.66265497","32.8193"
"Texas","Missouri","Cereal grains","Truck","0.1078","0.07478241","0.0062"
"Texas","Nebraska","Cereal grains","Truck","0.0003","0.00023232","0.0000"
"Texas","New Jersey","Cereal grains","Truck","109.9870","178.45047455","12.4419"
"Texas","New Jersey","Cereal grains","Rail","2232.3490","3912.73382829","277.0707"
"Texas","New Mexico","Cereal grains","Truck","531.6107","333.63451154","22.3886"
"Texas","New York","Cereal grains","Rail","52.4900","94.73260751","69.6555"
"Texas","North Carolina","Cereal grains","Truck","28.2500","29.74036161","27.2389"
"Texas","Ohio","Cereal grains","Truck","3.3880","4.21623097","13.2411"
"Texas","Oklahoma","Cereal grains","Truck","489.2450","163.36661075","42.9971"
"Texas","Oregon","Cereal grains","Rail","0.7460","1.86836704","13.8943"
"Texas","Tennessee","Cereal grains","Truck","0.0035","0.00229255","0.0002"
"Texas","Texas","Cereal grains","Truck","30066.7357","3360.81395784","2557.6975"
"Texas","Texas","Cereal grains","Rail","10992.4452","3054.38506677","1091.9886"
"Texas","Texas","Cereal grains","Water","521.6690","18.86110203","79.7870"
"Texas","Texas","Cereal grains","Multiple modes & mail","1928.2942","179.98708126","256.3740"
"Utah","Arizona","Cereal grains","Truck","0.9867","0.54349876","0.0571"
"Utah","Colorado","Cereal grains","Truck","18.7637","8.97356606","1.0841"
"Utah","Idaho","Cereal grains","Truck","180.2280","70.24682726","10.4125"
"Utah","Montana","Cereal grains","Truck","0.0379","0.02271838","0.0022"
"Utah","Nevada","Cereal grains","Truck","6.1508","2.76348292","0.6693"
"Utah","New Hampshire","Cereal grains","Truck","4.1980","10.01978872","0.2426"
"Utah","New Mexico","Cereal grains","Truck","1.9893","1.15296510","0.1150"
"Utah","Utah","Cereal grains","Truck","6608.4343","399.20579448","381.8070"
"Utah","Wyoming","Cereal grains","Truck","17.3099","6.90911463","1.0001"
"Vermont","Connecticut","Cereal grains","Truck","9.9636","2.10491553","0.5764"
"Vermont","Maine","Cereal grains","Truck","3.0176","0.72174744","0.1746"
"Vermont","Massachusetts","Cereal grains","Truck","28.6359","5.36856808","1.6565"
"Vermont","New Hampshire","Cereal grains","Truck","37.0395","5.18594033","2.1404"
"Vermont","New Jersey","Cereal grains","Truck","1.0979","0.34511982","0.0638"
"Vermont","New York","Cereal grains","Truck","63.2071","11.40815760","5.5288"
"Vermont","Pennsylvania","Cereal grains","Truck","1.2466","0.50517486","0.0721"
"Vermont","Rhode Island","Cereal grains","Truck","0.7464","0.16205942","0.0433"
"Vermont","Vermont","Cereal grains","Truck","1147.9994","64.71962353","95.6608"
"Virginia","Alabama","Cereal grains","Truck","0.0232","0.01288192","0.0013"
"Virginia","Connecticut","Cereal grains","Truck","0.0265","0.00899680","0.0015"
"Virginia","Delaware","Cereal grains","Truck","37.4355","6.09035850","2.1634"
"Virginia","Washington DC","Cereal grains","Truck","0.0784","0.00683370","0.0093"
"Virginia","Georgia","Cereal grains","Truck","0.7301","0.33521530","0.0423"
"Virginia","Indiana","Cereal grains","Truck","0.0674","0.03685506","0.0039"
"Virginia","Kentucky","Cereal grains","Truck","2.3621","1.00192665","0.1368"
"Virginia","Louisiana","Cereal grains","Truck","106.3410","111.31335193","31.8573"
"Virginia","Maryland","Cereal grains","Truck","564.0487","43.24730778","32.5947"
"Virginia","Maryland","Cereal grains","Multiple modes & mail","166.0580","46.74820252","0.0000"
"Virginia","New Jersey","Cereal grains","Truck","13.5714","2.89854963","0.7852"
"Virginia","New York","Cereal grains","Truck","0.9717","0.29573087","0.0570"
"Virginia","North Carolina","Cereal grains","Truck","278.9975","66.71986854","16.9932"
"Virginia","North Carolina","Cereal grains","Rail","689.6900","220.83166668","29.9575"
"Virginia","North Carolina","Cereal grains","Multiple modes & mail","2.8130","0.56327578","0.6037"
"Virginia","Ohio","Cereal grains","Truck","0.8920","0.34950190","0.0518"
"Virginia","Pennsylvania","Cereal grains","Truck","149.7614","30.92343463","8.6557"
"Virginia","South Carolina","Cereal grains","Truck","2.3779","0.79070279","0.1379"
"Virginia","Tennessee","Cereal grains","Truck","9.7468","3.66323411","0.5638"
"Virginia","Virginia","Cereal grains","Truck","3825.4820","249.81542763","241.6021"
"Virginia","Virginia","Cereal grains","Rail","124.8660","19.43184351","14.9626"
"Virginia","Virginia","Cereal grains","Multiple modes & mail","98.4540","23.77020357","0.4520"
"Virginia","West Virginia","Cereal grains","Truck","36.2258","9.60154799","2.0936"
"Washington","Idaho","Cereal grains","Truck","605.6947","270.54817533","34.2300"
"Washington","Idaho","Cereal grains","Rail","65.0290","34.92861618","67.1496"
"Washington","Montana","Cereal grains","Truck","0.8484","0.50918270","0.0491"
"Washington","Montana","Cereal grains","Other and unknown","28.5880","19.09581512","3.0579"
"Washington","Oregon","Cereal grains","Truck","376.1024","83.55648025","37.1999"
"Washington","Oregon","Cereal grains","Water","0.0000","0.00000000","86.9917"
"Washington","Washington","Cereal grains","Truck","8819.3125","709.25561604","779.5403"
"Washington","Washington","Cereal grains","Rail","1924.7271","269.25850644","613.3593"
"Washington","Washington","Cereal grains","Water","0.0000","0.00000000","735.4457"
"West Virginia","Delaware","Cereal grains","Truck","1.2680","0.46950594","0.0733"
"West Virginia","Washington DC","Cereal grains","Truck","0.0029","0.00077888","0.0003"
"West Virginia","Georgia","Cereal grains","Truck","0.0176","0.01040343","0.0010"
"West Virginia","Indiana","Cereal grains","Truck","33.7460","12.59271065","1.9498"
"West Virginia","Kentucky","Cereal grains","Truck","210.9183","60.53194773","12.1859"
"West Virginia","Maryland","Cereal grains","Truck","72.2096","22.55641546","4.1725"
"West Virginia","Michigan","Cereal grains","Truck","1.1402","0.48034501","0.0659"
"West Virginia","New Jersey","Cereal grains","Truck","0.6545","0.27074168","0.0379"
"West Virginia","New York","Cereal grains","Truck","2.1863","0.99104686","0.1264"
"West Virginia","North Carolina","Cereal grains","Truck","144.8308","47.71846459","8.3680"
"West Virginia","Ohio","Cereal grains","Truck","813.1058","187.79970283","46.9784"
"West Virginia","Pennsylvania","Cereal grains","Truck","263.3412","70.25791285","15.2156"
"West Virginia","South Carolina","Cereal grains","Truck","6.3229","2.86939887","0.3653"
"West Virginia","Tennessee","Cereal grains","Truck","23.8415","9.96223015","1.3775"
"West Virginia","Virginia","Cereal grains","Truck","366.3571","82.34494464","21.1667"
"West Virginia","West Virginia","Cereal grains","Truck","2666.4744","226.92154719","153.9782"
"Wisconsin","Illinois","Cereal grains","Truck","2429.0544","398.45997077","331.0580"
"Wisconsin","Illinois","Cereal grains","Rail","7073.7530","1566.51871530","483.4957"
"Wisconsin","Indiana","Cereal grains","Truck","106.0057","27.83030839","6.1252"
"Wisconsin","Iowa","Cereal grains","Truck","288.6677","90.82253919","16.6784"
"Wisconsin","Louisiana","Cereal grains","Rail","1501.0340","1740.39803354","13.7690"
"Wisconsin","Louisiana","Cereal grains","Water","3027.2470","5128.59944220","282.7332"
"Wisconsin","Michigan","Cereal grains","Truck","69.8330","25.56944319","4.0350"
"Wisconsin","Minnesota","Cereal grains","Truck","780.8208","233.26662868","88.3221"
"Wisconsin","Missouri","Cereal grains","Truck","0.2306","0.13530291","0.0134"
"Wisconsin","Nebraska","Cereal grains","Rail","1172.4110","794.14518084","213.9115"
"Wisconsin","New York","Cereal grains","Rail","429.5360","451.99850265","0.0000"
"Wisconsin","New York","Cereal grains","Water","767.8880","810.93016417","155.9113"
"Wisconsin","North Dakota","Cereal grains","Truck","22.1557","12.93007687","4.8157"
"Wisconsin","Ohio","Cereal grains","Truck","1.0351","0.48899258","0.0597"
"Wisconsin","South Dakota","Cereal grains","Truck","0.9238","0.50309992","0.0534"
"Wisconsin","Virginia","Cereal grains","Rail","1130.3590","1178.51272006","234.0653"
"Wisconsin","Wisconsin","Cereal grains","Truck","28163.4392","2114.09428926","1934.8214"
"Wisconsin","Wisconsin","Cereal grains","Water","2106.1530","222.82185064","198.8730"
"Wyoming","Colorado","Cereal grains","Truck","303.6383","105.93501924","17.8606"
"Wyoming","Idaho","Cereal grains","Truck","207.2343","122.21044739","11.9727"
"Wyoming","Idaho","Cereal grains","Rail","11.7690","8.77129956","0.2818"
"Wyoming","Iowa","Cereal grains","Rail","7.3040","6.83256299","0.0253"
"Wyoming","Kansas","Cereal grains","Truck","0.3806","0.30608631","0.0219"
"Wyoming","Montana","Cereal grains","Truck","50.1366","23.98197081","2.8968"
"Wyoming","Nebraska","Cereal grains","Truck","85.1138","55.56092360","4.9173"
"Wyoming","North Dakota","Cereal grains","Truck","1.1250","0.74185900","0.0650"
"Wyoming","South Dakota","Cereal grains","Truck","24.0078","12.82822578","1.3872"
"Wyoming","Utah","Cereal grains","Truck","63.6800","27.84215482","3.6796"
"Wyoming","Wyoming","Cereal grains","Truck","1212.1583","134.28805354","72.0402"
