"DMS ORIG","DMS DEST","SCTG2","DMS_MODE","Total KTons in 1997","Total Ton-Mile in 1997","Total M$ in 1997"
"Alabama","Alabama","Logs","Truck","37575.7758","3782.23039929","983.1370"
"Alabama","Arkansas","Logs","Truck","6.0775","2.79462147","0.3487"
"Alabama","Connecticut","Logs","Truck","0.0600","0.06595611","0.0052"
"Alabama","Delaware","Logs","Truck","0.7900","0.69595358","0.0026"
"Alabama","Florida","Logs","Truck","1141.3885","642.87951143","30.8441"
"Alabama","Georgia","Logs","Truck","477.3028","115.08637903","31.4495"
"Alabama","Illinois","Logs","Truck","0.6881","0.43934155","0.4576"
"Alabama","Indiana","Logs","Truck","1.3374","0.77400072","0.5380"
"Alabama","Kansas","Logs","Truck","0.3499","0.27921595","0.4567"
"Alabama","Kentucky","Logs","Truck","25.0974","10.44600809","3.8156"
"Alabama","Louisiana","Logs","Truck","67.1923","26.57298796","1.7665"
"Alabama","Maine","Logs","Truck","0.2010","0.27761319","0.0232"
"Alabama","Minnesota","Logs","Truck","0.5020","0.54496479","0.0052"
"Alabama","Mississippi","Logs","Truck","5762.9873","1324.39322949","151.9915"
"Alabama","Missouri","Logs","Truck","2.7346","1.65840642","0.5809"
"Alabama","New Hampshire","Logs","Truck","0.1020","0.12674246","0.0051"
"Alabama","New Mexico","Logs","Truck","0.3510","0.44443839","0.4489"
"Alabama","New York","Logs","Truck","0.2869","0.29511955","0.2825"
"Alabama","North Carolina","Logs","Truck","5.9707","3.08540131","0.6210"
"Alabama","Ohio","Logs","Truck","4.2800","2.62671884","0.4580"
"Alabama","Oklahoma","Logs","Truck","0.2340","0.16654537","0.0078"
"Alabama","Pennsylvania","Logs","Truck","0.7110","0.60315935","0.8398"
"Alabama","South Carolina","Logs","Truck","6.5580","2.44618677","0.9006"
"Alabama","South Dakota","Logs","Truck","0.5280","0.64076273","0.0026"
"Alabama","Tennessee","Logs","Truck","2027.6392","520.53269809","72.7631"
"Alabama","Texas","Logs","Truck","0.9650","0.73807788","0.4465"
"Alabama","Virginia","Logs","Truck","4.7267","3.24882911","0.4137"
"Alabama","Washington","Logs","Truck","0.0060","0.01533744","0.0259"
"Alabama","West Virginia","Logs","Truck","0.3390","0.21394422","0.4502"
"Alabama","Wisconsin","Logs","Truck","10.9740","9.18345247","0.4490"
"Alaska","Alaska","Logs","Truck","803.7132","264.86869872","42.8329"
"Arizona","Arizona","Logs","Truck","6420.0350","447.61106527","348.7804"
"Arizona","California","Logs","Truck","56.0292","24.72168724","3.5793"
"Arizona","Colorado","Logs","Truck","5.1055","3.94112406","0.6981"
"Arizona","Nevada","Logs","Truck","30.1825","8.93287584","2.8956"
"Arizona","New Mexico","Logs","Truck","42.2787","18.69719449","2.2598"
"Arizona","Texas","Logs","Truck","0.1977","0.20383239","0.0149"
"Arizona","Utah","Logs","Truck","4.8977","2.73046819","0.6897"
"Arkansas","Alabama","Logs","Truck","283.1253","125.30720463","2.2951"
"Arkansas","Arizona","Logs","Truck","0.7680","0.99631316","0.0374"
"Arkansas","Arkansas","Logs","Truck","9734.0040","923.83801399","425.4214"
"Arkansas","California","Logs","Truck","61.6140","112.53739450","2.2640"
"Arkansas","Colorado","Logs","Truck","2.2640","2.17693530","0.4515"
"Arkansas","Connecticut","Logs","Truck","0.1300","0.17816204","0.5624"
"Arkansas","Delaware","Logs","Truck","0.8020","0.93790008","1.0230"
"Arkansas","Washington DC","Logs","Truck","0.0440","0.04614477","0.1858"
"Arkansas","Florida","Logs","Truck","12.8610","12.57062871","0.3522"
"Arkansas","Georgia","Logs","Truck","0.7280","0.45450663","0.0026"
"Arkansas","Idaho","Logs","Truck","0.5670","0.99290106","0.4515"
"Arkansas","Illinois","Logs","Truck","2.6486","1.31255815","0.2042"
"Arkansas","Indiana","Logs","Truck","0.1095","0.06859689","0.0116"
"Arkansas","Iowa","Logs","Truck","2.5400","1.53044641","0.4554"
"Arkansas","Kansas","Logs","Truck","33.4274","13.93897749","10.4891"
"Arkansas","Kentucky","Logs","Truck","3.9031","2.16444575","0.2023"
"Arkansas","Louisiana","Logs","Truck","1674.9956","659.84649307","40.0437"
"Arkansas","Maine","Logs","Truck","0.1360","0.22324485","0.6850"
"Arkansas","Maryland","Logs","Truck","14.8020","16.06393955","0.3677"
"Arkansas","Massachusetts","Logs","Truck","0.4280","0.63157862","0.4618"
"Arkansas","Minnesota","Logs","Truck","0.3800","0.32027496","0.3974"
"Arkansas","Mississippi","Logs","Truck","967.5809","301.84566093","9.5728"
"Arkansas","Missouri","Logs","Truck","204.1118","62.41778813","13.5027"
"Arkansas","Montana","Logs","Truck","7.6260","12.90194860","1.4048"
"Arkansas","Nebraska","Logs","Truck","0.3420","0.21471067","1.5041"
"Arkansas","New Hampshire","Logs","Truck","0.2900","0.43639591","1.0152"
"Arkansas","New Jersey","Logs","Truck","0.1440","0.17693796","0.6258"
"Arkansas","New Mexico","Logs","Truck","2.8250","2.53125127","2.6922"
"Arkansas","New York","Logs","Truck","10.6700","12.86449485","16.8669"
"Arkansas","North Carolina","Logs","Truck","0.1360","0.11758257","0.5858"
"Arkansas","North Dakota","Logs","Truck","0.0080","0.00885883","0.0297"
"Arkansas","Ohio","Logs","Truck","0.3200","0.24077532","1.3805"
"Arkansas","Oklahoma","Logs","Truck","3582.5934","1152.61557247","69.9812"
"Arkansas","Oregon","Logs","Truck","0.0040","0.00888647","0.0154"
"Arkansas","Pennsylvania","Logs","Truck","0.0150","0.01607844","0.0657"
"Arkansas","Rhode Island","Logs","Truck","546.5880","808.25411246","1.5738"
"Arkansas","South Carolina","Logs","Truck","0.0120","0.00921003","0.0465"
"Arkansas","South Dakota","Logs","Truck","0.8020","0.69645914","0.2619"
"Arkansas","Tennessee","Logs","Truck","97.4049","35.51322911","20.1902"
"Arkansas","Texas","Logs","Truck","2868.1417","1395.51946751","80.5661"
"Arkansas","Utah","Logs","Truck","0.0880","0.12713523","0.3793"
"Arkansas","Vermont","Logs","Truck","0.0120","0.01723124","0.0503"
"Arkansas","Virginia","Logs","Truck","0.7370","0.74272787","0.1483"
"Arkansas","Washington","Logs","Truck","9.1270","20.04804321","29.6571"
"Arkansas","West Virginia","Logs","Truck","0.5280","0.43526748","0.0348"
"Arkansas","Wisconsin","Logs","Truck","51.2920","40.25376563","0.4876"
"Arkansas","Wyoming","Logs","Truck","0.0320","0.03955344","0.0542"
"California","Arizona","Logs","Truck","11.7521","6.09207374","1.0978"
"California","Arkansas","Logs","Truck","0.3700","0.63797997","0.4489"
"California","California","Logs","Truck","41934.7977","4225.04230080","2867.7384"
"California","Colorado","Logs","Truck","0.3581","0.39573272","0.4425"
"California","Connecticut","Logs","Truck","0.3560","1.04001968","0.4438"
"California","Delaware","Logs","Truck","0.2180","0.59141988","0.0078"
"California","Georgia","Logs","Truck","29.7880","68.81146221","121.4266"
"California","Idaho","Logs","Truck","3.0020","2.44753559","0.4515"
"California","Iowa","Logs","Truck","0.3620","0.66746155","0.4554"
"California","Kansas","Logs","Truck","0.0080","0.01145811","0.0194"
"California","Kentucky","Logs","Truck","0.5180","1.10634511","0.0103"
"California","Maine","Logs","Truck","0.0430","0.13812421","0.0375"
"California","Maryland","Logs","Truck","0.1120","0.29734176","0.0013"
"California","Mississippi","Logs","Truck","0.0960","0.18064127","0.0013"
"California","Montana","Logs","Truck","0.0490","0.06102186","0.0013"
"California","Nevada","Logs","Truck","95.9296","29.15723855","6.9212"
"California","New Hampshire","Logs","Truck","0.0150","0.04503447","0.0607"
"California","Ohio","Logs","Truck","0.3300","0.76422999","1.2760"
"California","Oregon","Logs","Truck","1272.4748","792.26189152","173.4941"
"California","South Dakota","Logs","Truck","0.6250","1.03081018","0.0246"
"California","Texas","Logs","Truck","0.3230","0.48048130","0.7388"
"California","Utah","Logs","Truck","0.2560","0.17889038","0.4411"
"California","Washington","Logs","Truck","0.3120","0.32372340","1.1765"
"California","Wisconsin","Logs","Truck","0.2500","0.52289201","0.0658"
"Colorado","Alabama","Logs","Truck","0.5059","0.68553691","0.4361"
"Colorado","Arizona","Logs","Truck","10.4464","7.67491008","0.5349"
"Colorado","Colorado","Logs","Truck","6100.6510","529.27717789","336.8968"
"Colorado","Idaho","Logs","Truck","0.3450","0.28396028","0.4540"
"Colorado","Kansas","Logs","Truck","1.6820","0.90085112","0.1061"
"Colorado","Missouri","Logs","Truck","0.3500","0.25975090","0.4528"
"Colorado","Nebraska","Logs","Truck","21.0782","11.61970471","1.0864"
"Colorado","New Mexico","Logs","Truck","49.4017","21.04967790","2.7567"
"Colorado","North Dakota","Logs","Truck","0.7420","0.62256679","0.2038"
"Colorado","Oklahoma","Logs","Truck","0.0227","0.01590375","0.0025"
"Colorado","South Dakota","Logs","Truck","0.0025","0.00170813","0.0009"
"Colorado","Texas","Logs","Truck","5.0306","4.47635976","4.7820"
"Colorado","Utah","Logs","Truck","25.8127","13.14342210","1.4091"
"Colorado","Wyoming","Logs","Truck","73.6541","26.61474766","4.5860"
"Connecticut","Connecticut","Logs","Truck","1698.5480","54.28448385","91.0285"
"Connecticut","Delaware","Logs","Truck","10.6206","2.39284434","0.5819"
"Connecticut","Washington DC","Logs","Truck","0.0384","0.01152495","0.0116"
"Connecticut","Maine","Logs","Truck","154.3381","44.08512903","2.7289"
"Connecticut","Maryland","Logs","Truck","12.2300","3.60716051","0.7496"
"Connecticut","Massachusetts","Logs","Truck","374.5426","37.46654378","19.9727"
"Connecticut","New Hampshire","Logs","Truck","110.5866","17.18082127","5.6757"
"Connecticut","New Jersey","Logs","Truck","111.6137","15.29865173","7.1031"
"Connecticut","New York","Logs","Truck","454.7366","66.62123565","22.7767"
"Connecticut","Pennsylvania","Logs","Truck","189.3372","50.59734303","10.3952"
"Connecticut","Rhode Island","Logs","Truck","218.4716","20.03542944","4.8456"
"Connecticut","Vermont","Logs","Truck","90.8468","19.86777341","4.6041"
"Connecticut","Virginia","Logs","Truck","0.1254","0.04089856","0.0106"
"Delaware","Connecticut","Logs","Truck","3.0981","0.71507494","0.2160"
"Delaware","Delaware","Logs","Truck","503.2222","16.75154026","26.1533"
"Delaware","Washington DC","Logs","Truck","0.3000","0.03103899","0.0689"
"Delaware","Maryland","Logs","Truck","138.9894","14.51446217","7.5653"
"Delaware","Massachusetts","Logs","Truck","0.0966","0.03256208","0.0101"
"Delaware","New Jersey","Logs","Truck","43.8568","3.60983991","2.8190"
"Delaware","New York","Logs","Truck","14.8997","2.86755578","1.1851"
"Delaware","North Carolina","Logs","Truck","6.8000","3.06785655","0.3443"
"Delaware","Pennsylvania","Logs","Truck","156.6870","22.03148079","8.9993"
"Delaware","Rhode Island","Logs","Truck","0.0347","0.01114473","0.0037"
"Delaware","Virginia","Logs","Truck","51.3950","12.09445165","2.8268"
"Delaware","West Virginia","Logs","Truck","7.6715","2.96497123","0.3883"
"Washington DC","Connecticut","Logs","Truck","0.0864","0.02558868","0.0048"
"Washington DC","Delaware","Logs","Truck","2.6049","0.26955888","0.1837"
"Washington DC","Washington DC","Logs","Truck","17.1922","0.07392646","1.1249"
"Washington DC","Maine","Logs","Truck","0.0020","0.00120750","0.0077"
"Washington DC","Maryland","Logs","Truck","47.7199","1.71284595","2.5522"
"Washington DC","New Hampshire","Logs","Truck","0.0010","0.00047764","0.0039"
"Washington DC","New Jersey","Logs","Truck","2.1665","0.38175190","0.1152"
"Washington DC","New York","Logs","Truck","0.9182","0.23691618","0.0535"
"Washington DC","North Carolina","Logs","Truck","4.3092","1.39098609","0.2171"
"Washington DC","Ohio","Logs","Truck","0.0504","0.02057639","0.0026"
"Washington DC","Pennsylvania","Logs","Truck","20.4851","3.77551834","1.0378"
"Washington DC","South Dakota","Logs","Truck","0.0020","0.00276308","0.0065"
"Washington DC","Virginia","Logs","Truck","48.9704","4.17686000","2.5418"
"Washington DC","West Virginia","Logs","Truck","5.1149","1.53811549","0.2564"
"Florida","Alabama","Logs","Truck","1005.0107","533.05010694","29.3467"
"Florida","Arizona","Logs","Truck","0.2030","0.42520785","0.0013"
"Florida","Arkansas","Logs","Truck","0.8080","0.84923060","0.0232"
"Florida","California","Logs","Truck","0.1770","0.43003006","0.0013"
"Florida","Connecticut","Logs","Truck","0.0360","0.04507170","0.1522"
"Florida","Delaware","Logs","Truck","0.8280","0.79445776","0.0426"
"Florida","Florida","Logs","Truck","33715.0434","3777.64698256","1082.4935"
"Florida","Georgia","Logs","Truck","8028.0814","2755.21665925","150.4350"
"Florida","Idaho","Logs","Truck","0.2270","0.58011097","0.0013"
"Florida","Indiana","Logs","Truck","0.1760","0.19321998","0.1072"
"Florida","Iowa","Logs","Truck","0.2060","0.26987638","0.0013"
"Florida","Kansas","Logs","Truck","0.0341","0.04437270","0.0296"
"Florida","Louisiana","Logs","Truck","5.8454","3.92211316","0.5607"
"Florida","Maryland","Logs","Truck","0.3570","0.34908335","0.1653"
"Florida","Massachusetts","Logs","Truck","0.6491","0.89229930","0.0102"
"Florida","Michigan","Logs","Truck","0.2180","0.25185453","0.0013"
"Florida","Minnesota","Logs","Truck","0.5120","0.80647508","0.3741"
"Florida","Mississippi","Logs","Truck","58.8040","36.78524877","3.3574"
"Florida","Missouri","Logs","Truck","0.4600","0.50947447","0.1135"
"Florida","Montana","Logs","Truck","0.7100","1.76492020","0.0026"
"Florida","Nebraska","Logs","Truck","0.5840","0.89429618","0.0065"
"Florida","New Hampshire","Logs","Truck","0.8030","1.08580592","0.1884"
"Florida","New Jersey","Logs","Truck","0.2220","0.25303541","0.0634"
"Florida","New York","Logs","Truck","0.5620","0.71190406","0.1651"
"Florida","North Carolina","Logs","Truck","833.4290","508.66029594","55.4133"
"Florida","Oklahoma","Logs","Truck","0.6830","0.86289008","0.2013"
"Florida","Oregon","Logs","Truck","0.7110","2.15787572","0.0091"
"Florida","Pennsylvania","Logs","Truck","0.6050","0.64829483","0.0620"
"Florida","Rhode Island","Logs","Truck","0.8130","1.07984140","0.0026"
"Florida","South Carolina","Logs","Truck","287.8723","141.01266167","12.1682"
"Florida","South Dakota","Logs","Truck","0.8380","1.40825947","0.0065"
"Florida","Tennessee","Logs","Truck","0.7800","0.53036131","0.1162"
"Florida","Texas","Logs","Truck","0.0348","0.03585834","0.1524"
"Florida","Utah","Logs","Truck","0.3949","0.89694060","0.0232"
"Florida","Vermont","Logs","Truck","0.7710","1.09119018","0.0026"
"Florida","Virginia","Logs","Truck","0.7881","0.62255553","0.0234"
"Florida","Washington","Logs","Truck","0.7780","2.38576955","0.9338"
"Florida","West Virginia","Logs","Truck","0.4210","0.33412285","0.0194"
"Florida","Wisconsin","Logs","Truck","0.7640","0.99888123","0.0453"
"Florida","Wyoming","Logs","Truck","0.8060","1.66872309","0.0026"
"Georgia","Alabama","Logs","Truck","699.6802","163.86510282","35.4119"
"Georgia","Arkansas","Logs","Truck","0.3370","0.22183073","0.4424"
"Georgia","California","Logs","Truck","0.0030","0.00680586","0.0129"
"Georgia","Delaware","Logs","Truck","46.3630","35.68431437","54.6573"
"Georgia","Florida","Logs","Truck","373.4169","142.20768360","30.8952"
"Georgia","Georgia","Logs","Truck","34309.5380","3469.95741581","1202.7286"
"Georgia","Illinois","Logs","Truck","0.3216","0.25406970","0.4297"
"Georgia","Indiana","Logs","Truck","0.0014","0.00096685","0.0004"
"Georgia","Kentucky","Logs","Truck","27.3324","12.33139925","1.1082"
"Georgia","Louisiana","Logs","Truck","0.0302","0.01775211","0.0916"
"Georgia","Maine","Logs","Truck","0.0140","0.01784860","0.0400"
"Georgia","Maryland","Logs","Truck","0.3369","0.22926721","0.7109"
"Georgia","Massachusetts","Logs","Truck","0.0300","0.03322906","0.1213"
"Georgia","Mississippi","Logs","Truck","192.2737","82.87020768","1.6807"
"Georgia","New Hampshire","Logs","Truck","0.0430","0.04953543","0.1884"
"Georgia","New Jersey","Logs","Truck","0.3300","0.28820703","1.4293"
"Georgia","New York","Logs","Truck","0.3240","0.30965139","0.4063"
"Georgia","North Carolina","Logs","Truck","167.4309","57.82587826","10.1767"
"Georgia","Ohio","Logs","Truck","0.3380","0.22645450","1.2140"
"Georgia","Oklahoma","Logs","Truck","0.0200","0.01850361","0.0942"
"Georgia","Pennsylvania","Logs","Truck","0.3360","0.25981328","0.4295"
"Georgia","South Carolina","Logs","Truck","366.4553","87.34737749","34.7066"
"Georgia","South Dakota","Logs","Truck","0.7870","1.07904222","0.1458"
"Georgia","Tennessee","Logs","Truck","129.4645","37.14108331","7.7732"
"Georgia","Virginia","Logs","Truck","32.6025","16.68487572","6.7218"
"Georgia","West Virginia","Logs","Truck","0.3421","0.19240633","0.4400"
"Hawaii","Hawaii","Logs","Truck","1105.0438","29.84734206","59.7350"
"Idaho","California","Logs","Truck","61.9680","52.30075430","0.3611"
"Idaho","Colorado","Logs","Truck","12.4770","10.20582165","0.4308"
"Idaho","Idaho","Logs","Truck","2968.0316","391.62790727","122.1640"
"Idaho","Illinois","Logs","Truck","0.3240","0.52428538","0.4413"
"Idaho","Massachusetts","Logs","Truck","12.5820","32.82074330","0.4425"
"Idaho","Minnesota","Logs","Truck","8.0740","11.22585046","0.4360"
"Idaho","Montana","Logs","Truck","164.2982","69.06705327","4.1494"
"Idaho","Nevada","Logs","Truck","13.9095","8.97270042","0.4703"
"Idaho","New Hampshire","Logs","Truck","0.0011","0.00296361","0.0005"
"Idaho","New York","Logs","Truck","9.3660","22.09651584","0.3637"
"Idaho","Oregon","Logs","Truck","43.2518","23.28309880","2.2382"
"Idaho","Tennessee","Logs","Truck","58.2070","119.29856342","0.4400"
"Idaho","Utah","Logs","Truck","43.2232","17.07178130","2.6025"
"Idaho","Washington","Logs","Truck","153.7346","71.39967183","8.6584"
"Idaho","Wyoming","Logs","Truck","1.9147","1.15541235","0.5636"
"Illinois","Alabama","Logs","Truck","11.7071","7.63789702","0.7384"
"Illinois","Arkansas","Logs","Truck","13.5679","6.71420572","0.6967"
"Illinois","Colorado","Logs","Truck","0.0130","0.01252367","0.0620"
"Illinois","Georgia","Logs","Truck","0.0197","0.01461095","0.0622"
"Illinois","Illinois","Logs","Truck","10644.5996","776.69143165","629.9799"
"Illinois","Indiana","Logs","Truck","2085.1325","429.55694200","131.8252"
"Illinois","Iowa","Logs","Truck","485.8492","146.45895607","42.6827"
"Illinois","Kansas","Logs","Truck","1.6395","0.78482596","3.4642"
"Illinois","Kentucky","Logs","Truck","252.1627","89.32633737","13.8676"
"Illinois","Maryland","Logs","Truck","0.1690","0.12586968","0.6824"
"Illinois","Michigan","Logs","Truck","208.1275","58.02909571","12.9722"
"Illinois","Minnesota","Logs","Truck","6.0833","3.12966336","0.9325"
"Illinois","Mississippi","Logs","Truck","21.3117","13.65487042","1.8014"
"Illinois","Missouri","Logs","Truck","654.7723","154.71708419","35.8753"
"Illinois","Nebraska","Logs","Truck","0.0002","0.00009991","0.0001"
"Illinois","Ohio","Logs","Truck","100.4031","35.29653587","7.0763"
"Illinois","Oklahoma","Logs","Truck","0.3160","0.20499568","1.0088"
"Illinois","Pennsylvania","Logs","Truck","0.4710","0.32189979","2.1169"
"Illinois","Tennessee","Logs","Truck","178.0380","82.49031975","16.6254"
"Illinois","Texas","Logs","Truck","0.1270","0.12203427","0.5661"
"Illinois","Washington","Logs","Truck","0.0660","0.13559812","0.3095"
"Illinois","Wisconsin","Logs","Truck","1016.3744","239.01691940","303.0175"
"Indiana","Alabama","Logs","Truck","1.9709","1.14293191","1.0827"
"Indiana","Arizona","Logs","Truck","0.4190","0.74524063","0.8553"
"Indiana","Arkansas","Logs","Truck","1.1095","0.69665442","5.0956"
"Indiana","California","Logs","Truck","7.8120","16.96189197","31.0067"
"Indiana","Colorado","Logs","Truck","0.1350","0.15140754","0.5792"
"Indiana","Connecticut","Logs","Truck","0.2300","0.19057755","1.0191"
"Indiana","Delaware","Logs","Truck","0.6780","0.44112747","0.4567"
"Indiana","Florida","Logs","Truck","2.2870","2.42491865","10.6644"
"Indiana","Georgia","Logs","Truck","96.6431","61.97437802","36.3525"
"Indiana","Idaho","Logs","Truck","0.3180","0.57246055","1.0398"
"Indiana","Illinois","Logs","Truck","271.8526","52.10444183","20.1888"
"Indiana","Indiana","Logs","Truck","8197.6003","719.32234735","508.9110"
"Indiana","Iowa","Logs","Truck","4.0355","1.71216020","1.0669"
"Indiana","Kansas","Logs","Truck","0.6040","0.38372207","1.0410"
"Indiana","Kentucky","Logs","Truck","361.9055","74.68418917","20.5024"
"Indiana","Louisiana","Logs","Truck","0.7331","0.63394859","0.9533"
"Indiana","Maine","Logs","Truck","0.5480","0.59702422","1.0359"
"Indiana","Maryland","Logs","Truck","0.7760","0.47384717","0.9069"
"Indiana","Massachusetts","Logs","Truck","0.2420","0.22537733","0.9688"
"Indiana","Michigan","Logs","Truck","231.4767","61.67272729","79.7044"
"Indiana","Minnesota","Logs","Truck","12.5450","7.72048417","47.8359"
"Indiana","Mississippi","Logs","Truck","1.2599","0.84191175","1.0523"
"Indiana","Missouri","Logs","Truck","22.9465","9.28094337","36.4512"
"Indiana","Montana","Logs","Truck","3.1670","5.06984882","13.1077"
"Indiana","Nebraska","Logs","Truck","0.3530","0.23253670","1.7170"
"Indiana","New Hampshire","Logs","Truck","0.1700","0.15818030","0.5985"
"Indiana","New Jersey","Logs","Truck","0.5270","0.37367955","2.4883"
"Indiana","New Mexico","Logs","Truck","0.2240","0.29943645","0.3057"
"Indiana","New York","Logs","Truck","10.2250","6.74902256","32.2786"
"Indiana","North Carolina","Logs","Truck","0.7620","0.47268607","3.4881"
"Indiana","North Dakota","Logs","Truck","0.2180","0.20951568","0.4992"
"Indiana","Ohio","Logs","Truck","347.6510","76.45110084","34.1384"
"Indiana","Oklahoma","Logs","Truck","0.7700","0.60636516","0.8900"
"Indiana","Oregon","Logs","Truck","3.2930","7.56447778","9.2377"
"Indiana","Pennsylvania","Logs","Truck","7.1587","3.90302699","27.0861"
"Indiana","Rhode Island","Logs","Truck","0.3570","0.32158979","0.0026"
"Indiana","South Carolina","Logs","Truck","0.2250","0.13741462","0.9198"
"Indiana","South Dakota","Logs","Truck","0.7770","0.66613024","0.9094"
"Indiana","Tennessee","Logs","Truck","72.8637","27.04504114","36.5654"
"Indiana","Texas","Logs","Truck","0.5379","0.57959387","2.4304"
"Indiana","Utah","Logs","Truck","0.0920","0.14237233","0.4180"
"Indiana","Vermont","Logs","Truck","5.3630","4.68135340","20.9057"
"Indiana","Virginia","Logs","Truck","32.7869","20.47404558","88.8535"
"Indiana","Washington","Logs","Truck","0.1290","0.28736278","0.5417"
"Indiana","West Virginia","Logs","Truck","4.0047","1.46786428","0.2996"
"Indiana","Wisconsin","Logs","Truck","133.1734","44.35002243","217.2993"
"Iowa","California","Logs","Truck","1.0630","1.93398155","0.0065"
"Iowa","Delaware","Logs","Truck","0.7900","0.84517592","0.0026"
"Iowa","Illinois","Logs","Truck","101.5679","31.34231476","7.6703"
"Iowa","Indiana","Logs","Truck","11.1641","5.06247534","0.6684"
"Iowa","Iowa","Logs","Truck","3465.7353","297.35192500","178.2889"
"Iowa","Kansas","Logs","Truck","12.2623","5.11999158","0.9181"
"Iowa","Kentucky","Logs","Truck","98.6720","60.28115927","0.4438"
"Iowa","Michigan","Logs","Truck","3.6850","2.14836043","0.2197"
"Iowa","Minnesota","Logs","Truck","122.0348","34.50186589","7.6477"
"Iowa","Missouri","Logs","Truck","160.8312","53.96443044","3.1489"
"Iowa","Nebraska","Logs","Truck","47.4159","12.70509128","3.6089"
"Iowa","New Jersey","Logs","Truck","0.3470","0.38177175","0.4553"
"Iowa","New York","Logs","Truck","0.5960","0.60669090","0.0052"
"Iowa","North Dakota","Logs","Truck","0.2476","0.14723636","0.0134"
"Iowa","Ohio","Logs","Truck","0.1050","0.06510868","0.0385"
"Iowa","Oklahoma","Logs","Truck","0.0000","0.00000000","0.0000"
"Iowa","Rhode Island","Logs","Truck","0.6270","0.79206492","0.0013"
"Iowa","South Dakota","Logs","Truck","7.3630","3.01044315","0.5228"
"Iowa","Texas","Logs","Truck","76.9330","74.04363696","0.4063"
"Iowa","Washington","Logs","Truck","0.1530","0.27371832","0.0052"
"Iowa","Wisconsin","Logs","Truck","434.9008","140.10653415","10.1636"
"Kansas","Arkansas","Logs","Truck","36.5219","17.28391118","1.8951"
"Kansas","California","Logs","Truck","0.0050","0.00709553","0.0026"
"Kansas","Colorado","Logs","Truck","11.6845","6.05960831","0.7349"
"Kansas","Delaware","Logs","Truck","0.0230","0.02691679","0.0065"
"Kansas","Illinois","Logs","Truck","0.4715","0.18776664","0.0411"
"Kansas","Iowa","Logs","Truck","90.3377","39.49552401","4.6473"
"Kansas","Kansas","Logs","Truck","3481.4539","315.90474210","184.2489"
"Kansas","Louisiana","Logs","Truck","0.0850","0.07433259","0.0052"
"Kansas","Maine","Logs","Truck","0.4470","0.77842332","0.8308"
"Kansas","Maryland","Logs","Truck","0.0100","0.01083159","0.0013"
"Kansas","Minnesota","Logs","Truck","0.0210","0.01365044","0.0065"
"Kansas","Missouri","Logs","Truck","357.4554","85.77435424","21.1090"
"Kansas","Montana","Logs","Truck","0.0360","0.04380949","0.0026"
"Kansas","Nebraska","Logs","Truck","110.0223","30.26551457","5.9989"
"Kansas","New Hampshire","Logs","Truck","0.0130","0.02055795","0.0580"
"Kansas","New Mexico","Logs","Truck","0.9981","0.62438634","0.0480"
"Kansas","North Carolina","Logs","Truck","0.0110","0.01159326","0.0026"
"Kansas","Oklahoma","Logs","Truck","97.6849","24.61135056","5.7536"
"Kansas","South Dakota","Logs","Truck","1.0801","0.54681470","0.0257"
"Kansas","Texas","Logs","Truck","7.2890","4.24889708","0.4325"
"Kansas","Washington","Logs","Truck","0.0110","0.01984352","0.0491"
"Kansas","Wisconsin","Logs","Truck","0.0560","0.04231912","0.0039"
"Kansas","Wyoming","Logs","Truck","0.0008","0.00061832","0.0003"
"Kentucky","Alabama","Logs","Truck","66.7640","28.53037442","3.6235"
"Kentucky","Arizona","Logs","Truck","1.8930","3.36166661","0.4478"
"Kentucky","Arkansas","Logs","Truck","3.2954","1.77857485","0.1861"
"Kentucky","California","Logs","Truck","0.2710","0.59986486","0.7264"
"Kentucky","Colorado","Logs","Truck","0.3500","0.41213810","1.2488"
"Kentucky","Connecticut","Logs","Truck","0.2160","0.18806758","0.8488"
"Kentucky","Delaware","Logs","Truck","0.7920","0.52499345","0.0774"
"Kentucky","Florida","Logs","Truck","0.3520","0.29048639","0.3988"
"Kentucky","Georgia","Logs","Truck","92.9098","39.17191070","1.3139"
"Kentucky","Illinois","Logs","Truck","36.2498","13.20212147","2.5285"
"Kentucky","Indiana","Logs","Truck","474.2654","108.35014956","26.2212"
"Kentucky","Iowa","Logs","Truck","0.3450","0.21240202","0.4515"
"Kentucky","Kansas","Logs","Truck","0.1260","0.08270121","0.5444"
"Kentucky","Kentucky","Logs","Truck","3954.7253","404.05397061","296.1223"
"Kentucky","Louisiana","Logs","Truck","11.1310","7.83595061","0.7725"
"Kentucky","Maine","Logs","Truck","0.7940","0.90961236","1.0282"
"Kentucky","Maryland","Logs","Truck","1.1351","0.69190953","2.5167"
"Kentucky","Massachusetts","Logs","Truck","0.0770","0.07580426","0.3148"
"Kentucky","Michigan","Logs","Truck","1.5607","0.70089691","0.5515"
"Kentucky","Minnesota","Logs","Truck","0.4160","0.32965389","1.7982"
"Kentucky","Mississippi","Logs","Truck","21.9492","11.84414976","1.2825"
"Kentucky","Missouri","Logs","Truck","39.9361","18.58126080","2.7488"
"Kentucky","Montana","Logs","Truck","0.0240","0.04210742","0.0039"
"Kentucky","New Hampshire","Logs","Truck","0.1570","0.15840453","0.6747"
"Kentucky","New Jersey","Logs","Truck","0.0020","0.00152428","0.0077"
"Kentucky","New Mexico","Logs","Truck","4.1780","5.73060467","1.5157"
"Kentucky","New York","Logs","Truck","2.1630","1.51309364","5.8413"
"Kentucky","North Carolina","Logs","Truck","41.6797","19.86117146","4.1832"
"Kentucky","Ohio","Logs","Truck","1067.2242","287.86652929","73.3946"
"Kentucky","Oklahoma","Logs","Truck","1.5540","1.24413925","6.6241"
"Kentucky","Oregon","Logs","Truck","0.3470","0.82580143","0.8708"
"Kentucky","Pennsylvania","Logs","Truck","1.0203","0.48726443","0.4916"
"Kentucky","Rhode Island","Logs","Truck","0.6140","0.57740600","0.0026"
"Kentucky","South Carolina","Logs","Truck","4.6483","1.91290019","0.3189"
"Kentucky","South Dakota","Logs","Truck","0.7980","0.78936092","0.0284"
"Kentucky","Tennessee","Logs","Truck","1227.3206","268.15150177","35.3433"
"Kentucky","Texas","Logs","Truck","2.8019","2.61049417","0.7623"
"Kentucky","Vermont","Logs","Truck","0.0650","0.05993194","0.0052"
"Kentucky","Virginia","Logs","Truck","49.4872","20.81982004","5.3292"
"Kentucky","Washington","Logs","Truck","0.1400","0.33121496","0.6179"
"Kentucky","West Virginia","Logs","Truck","51.0572","16.45001500","6.2401"
"Kentucky","Wisconsin","Logs","Truck","0.3680","0.20756563","0.1161"
"Kentucky","Wyoming","Logs","Truck","0.5780","0.79968903","0.0026"
"Louisiana","Alabama","Logs","Truck","105.6147","41.49712273","2.8138"
"Louisiana","Arizona","Logs","Truck","0.2630","0.36044205","0.0012"
"Louisiana","Arkansas","Logs","Truck","1877.6825","625.96576155","41.9034"
"Louisiana","California","Logs","Truck","1.1238","2.01048242","0.4308"
"Louisiana","Connecticut","Logs","Truck","0.0160","0.02366689","0.0748"
"Louisiana","Delaware","Logs","Truck","0.7239","0.91834753","0.3199"
"Louisiana","Florida","Logs","Truck","2.4961","1.70101644","0.2287"
"Louisiana","Georgia","Logs","Truck","0.2560","0.14547848","0.0012"
"Louisiana","Louisiana","Logs","Truck","19616.8639","2261.92548055","599.1507"
"Louisiana","Maine","Logs","Truck","0.7720","1.33288183","0.0787"
"Louisiana","Maryland","Logs","Truck","0.0459","0.05463984","0.0051"
"Louisiana","Massachusetts","Logs","Truck","0.0091","0.01443992","0.0246"
"Louisiana","Mississippi","Logs","Truck","1877.6006","472.03319589","97.3523"
"Louisiana","Missouri","Logs","Truck","12.5842","7.65010708","0.4451"
"Louisiana","New Hampshire","Logs","Truck","0.0490","0.08067661","0.2232"
"Louisiana","New Mexico","Logs","Truck","0.7750","0.76457094","0.0090"
"Louisiana","New York","Logs","Truck","0.0470","0.06441168","0.0192"
"Louisiana","North Carolina","Logs","Truck","4.0259","3.65418890","0.0191"
"Louisiana","Oklahoma","Logs","Truck","17.3934","8.85714875","0.8530"
"Louisiana","Pennsylvania","Logs","Truck","0.3420","0.40594942","0.4489"
"Louisiana","South Dakota","Logs","Truck","0.7400","0.81885330","0.0025"
"Louisiana","Tennessee","Logs","Truck","56.9265","28.78612433","0.5860"
"Louisiana","Texas","Logs","Truck","1240.2055","475.03616601","50.0044"
"Louisiana","Vermont","Logs","Truck","0.0580","0.09449101","0.0142"
"Louisiana","Virginia","Logs","Truck","0.0870","0.08426213","0.0012"
"Louisiana","Washington","Logs","Truck","0.3279","0.81454770","1.3828"
"Louisiana","Wisconsin","Logs","Truck","0.3531","0.36263874","0.0064"
"Maine","Connecticut","Logs","Truck","4.7123","1.36773880","0.5950"
"Maine","Delaware","Logs","Truck","0.5360","0.28573082","0.0013"
"Maine","Maine","Logs","Truck","18539.2132","1568.80277882","478.2896"
"Maine","Massachusetts","Logs","Truck","33.2095","6.80378447","4.0531"
"Maine","New Hampshire","Logs","Truck","208.4103","36.11522182","4.6855"
"Maine","New York","Logs","Truck","148.8471","71.04640122","0.6750"
"Maine","North Carolina","Logs","Truck","41.2610","40.99040626","0.4463"
"Maine","Rhode Island","Logs","Truck","3.1229","0.78342004","0.3359"
"Maine","Vermont","Logs","Truck","155.4283","39.62707462","1.8596"
"Maryland","Connecticut","Logs","Truck","4.6587","1.38250529","0.3191"
"Maryland","Delaware","Logs","Truck","180.3616","19.20437900","9.4861"
"Maryland","Washington DC","Logs","Truck","10.3780","0.34584439","2.9880"
"Maryland","Kentucky","Logs","Truck","0.2470","0.14222457","0.0127"
"Maryland","Maryland","Logs","Truck","5550.2041","249.97248013","176.9574"
"Maryland","Massachusetts","Logs","Truck","0.0605","0.02534126","0.0034"
"Maryland","New Hampshire","Logs","Truck","0.0620","0.02821411","0.0052"
"Maryland","New Jersey","Logs","Truck","94.3119","15.77278903","5.9099"
"Maryland","New York","Logs","Truck","49.0205","13.10711654","3.6007"
"Maryland","North Carolina","Logs","Truck","64.6267","24.00904913","3.3605"
"Maryland","Ohio","Logs","Truck","45.3593","18.39364227","2.3401"
"Maryland","Pennsylvania","Logs","Truck","999.9211","167.37892345","53.0829"
"Maryland","Virginia","Logs","Truck","578.3841","93.78337145","32.8828"
"Maryland","West Virginia","Logs","Truck","285.0276","71.11467200","14.7570"
"Massachusetts","Connecticut","Logs","Truck","363.1720","34.92033749","20.1627"
"Massachusetts","Delaware","Logs","Truck","0.3170","0.09992213","0.0292"
"Massachusetts","Maine","Logs","Truck","357.5934","71.62497558","111.8165"
"Massachusetts","Maryland","Logs","Truck","0.1115","0.04613475","0.0060"
"Massachusetts","Massachusetts","Logs","Truck","4004.0051","177.77152438","223.1639"
"Massachusetts","New Hampshire","Logs","Truck","708.8585","62.93551863","37.4722"
"Massachusetts","New Jersey","Logs","Truck","67.6043","16.21196682","4.9025"
"Massachusetts","New York","Logs","Truck","316.0738","64.13979860","19.0297"
"Massachusetts","Pennsylvania","Logs","Truck","63.3971","22.10294687","3.4464"
"Massachusetts","Rhode Island","Logs","Truck","294.8749","20.16707955","16.0838"
"Massachusetts","Vermont","Logs","Truck","323.0289","59.07124075","16.3229"
"Michigan","Arizona","Logs","Truck","0.0120","0.02403492","0.0052"
"Michigan","Arkansas","Logs","Truck","0.0020","0.00170007","0.0103"
"Michigan","California","Logs","Truck","0.6420","1.45136858","0.4297"
"Michigan","Delaware","Logs","Truck","0.0020","0.00135197","0.0065"
"Michigan","Florida","Logs","Truck","0.3480","0.43136016","0.4284"
"Michigan","Illinois","Logs","Truck","167.3580","43.09978130","11.6930"
"Michigan","Indiana","Logs","Truck","2091.0906","593.39125854","121.0325"
"Michigan","Iowa","Logs","Truck","5.9294","3.38981168","0.7497"
"Michigan","Kentucky","Logs","Truck","4.2314","1.81863815","0.2634"
"Michigan","Louisiana","Logs","Truck","0.0121","0.01356422","0.0090"
"Michigan","Maryland","Logs","Truck","0.0060","0.00391285","0.0026"
"Michigan","Michigan","Logs","Truck","14243.9088","1322.19968327","834.5194"
"Michigan","Minnesota","Logs","Truck","68.3680","44.35618637","4.0297"
"Michigan","Mississippi","Logs","Truck","1.6880","1.51885865","0.5005"
"Michigan","Missouri","Logs","Truck","0.0002","0.00014394","0.0001"
"Michigan","Nebraska","Logs","Truck","0.0467","0.03742848","0.0025"
"Michigan","New Hampshire","Logs","Truck","0.0060","0.00533251","0.0271"
"Michigan","New York","Logs","Truck","0.1197","0.06307576","0.0062"
"Michigan","North Carolina","Logs","Truck","0.1850","0.13504574","0.3549"
"Michigan","North Dakota","Logs","Truck","0.3265","0.32913982","0.2492"
"Michigan","Ohio","Logs","Truck","639.7358","161.73624610","113.6676"
"Michigan","Pennsylvania","Logs","Truck","20.6961","9.38002411","1.6009"
"Michigan","Rhode Island","Logs","Truck","0.2860","0.22978827","0.0013"
"Michigan","South Dakota","Logs","Truck","41.9283","35.93255417","6.4218"
"Michigan","Washington","Logs","Truck","0.5570","1.26334464","2.4253"
"Michigan","West Virginia","Logs","Truck","1.5554","0.67372664","0.0902"
"Michigan","Wisconsin","Logs","Truck","1535.6515","547.90788782","79.1834"
"Michigan","Wyoming","Logs","Truck","0.0720","0.09511227","0.0013"
"Minnesota","Alabama","Logs","Truck","0.0030","0.00318186","0.0128"
"Minnesota","California","Logs","Truck","3.4170","6.66851929","0.4387"
"Minnesota","Connecticut","Logs","Truck","0.0140","0.01827725","0.0104"
"Minnesota","Delaware","Logs","Truck","0.0030","0.00351679","0.0129"
"Minnesota","Idaho","Logs","Truck","0.0020","0.00270823","0.0065"
"Minnesota","Illinois","Logs","Truck","2.0570","1.07219035","0.1443"
"Minnesota","Indiana","Logs","Truck","2.8780","1.46843868","0.4424"
"Minnesota","Iowa","Logs","Truck","88.8099","27.19592415","5.5145"
"Minnesota","Kansas","Logs","Truck","0.3480","0.19874612","1.5119"
"Minnesota","Louisiana","Logs","Truck","0.3460","0.42261527","0.4218"
"Minnesota","Maine","Logs","Truck","0.0440","0.06947229","0.1909"
"Minnesota","Maryland","Logs","Truck","0.0310","0.03559318","0.0619"
"Minnesota","Massachusetts","Logs","Truck","0.0280","0.03988573","0.1084"
"Minnesota","Michigan","Logs","Truck","27.7034","19.95715771","1.8553"
"Minnesota","Minnesota","Logs","Truck","8614.2066","719.84424853","515.9649"
"Minnesota","Mississippi","Logs","Truck","0.0220","0.02245883","0.0026"
"Minnesota","Missouri","Logs","Truck","0.1122","0.07010290","0.0062"
"Minnesota","Montana","Logs","Truck","0.1290","0.12846799","0.0065"
"Minnesota","Nebraska","Logs","Truck","5.4391","2.27264146","0.3417"
"Minnesota","New Hampshire","Logs","Truck","0.0240","0.03384316","0.1058"
"Minnesota","New Mexico","Logs","Truck","0.0030","0.00397698","0.0090"
"Minnesota","New York","Logs","Truck","0.0390","0.04571923","0.1290"
"Minnesota","North Carolina","Logs","Truck","0.0300","0.03572246","0.0490"
"Minnesota","North Dakota","Logs","Truck","79.6011","27.77361356","4.8652"
"Minnesota","Ohio","Logs","Truck","0.3430","0.26718046","1.1277"
"Minnesota","Oklahoma","Logs","Truck","0.3860","0.31202520","0.6244"
"Minnesota","Pennsylvania","Logs","Truck","0.3440","0.33634578","0.4412"
"Minnesota","Rhode Island","Logs","Truck","0.4620","0.64238700","0.0013"
"Minnesota","South Dakota","Logs","Truck","24.2273","7.73369628","6.0267"
"Minnesota","Tennessee","Logs","Truck","0.0020","0.00164048","0.0077"
"Minnesota","Texas","Logs","Truck","0.0030","0.00353132","0.0128"
"Minnesota","Virginia","Logs","Truck","0.0270","0.03028282","0.0025"
"Minnesota","Washington","Logs","Truck","0.0090","0.01493393","0.0425"
"Minnesota","Wisconsin","Logs","Truck","584.8239","188.47552190","40.0838"
"Mississippi","Alabama","Logs","Truck","789.3852","181.69372123","42.8112"
"Mississippi","Arkansas","Logs","Truck","95.2397","31.20049179","16.0982"
"Mississippi","California","Logs","Truck","1.5170","3.09678123","0.0065"
"Mississippi","Connecticut","Logs","Truck","0.0120","0.01528323","0.0594"
"Mississippi","Delaware","Logs","Truck","0.7870","0.82839315","0.0839"
"Mississippi","Washington DC","Logs","Truck","0.0730","0.06866230","0.0890"
"Mississippi","Florida","Logs","Truck","4.3008","2.80850674","0.4047"
"Mississippi","Georgia","Logs","Truck","377.3294","154.51926677","1.6780"
"Mississippi","Illinois","Logs","Truck","0.8583","0.53832187","0.4765"
"Mississippi","Indiana","Logs","Truck","1.0037","0.68070861","0.4607"
"Mississippi","Iowa","Logs","Truck","0.3400","0.27309676","0.4580"
"Mississippi","Kentucky","Logs","Truck","126.0740","67.45749051","0.6669"
"Mississippi","Louisiana","Logs","Truck","2299.9657","564.74648357","87.8848"
"Mississippi","Maine","Logs","Truck","2387.1350","3720.29332055","30.7988"
"Mississippi","Maryland","Logs","Truck","0.7580","0.73856398","0.3547"
"Mississippi","Minnesota","Logs","Truck","0.2830","0.29101696","0.4528"
"Mississippi","Mississippi","Logs","Truck","8068.0606","763.89790700","348.2847"
"Mississippi","Missouri","Logs","Truck","18.7699","10.14031452","0.7882"
"Mississippi","Montana","Logs","Truck","0.2470","0.47561146","0.4180"
"Mississippi","Nebraska","Logs","Truck","0.3450","0.30520812","0.4941"
"Mississippi","Nevada","Logs","Truck","0.3490","0.66353799","0.4503"
"Mississippi","New Hampshire","Logs","Truck","22.6520","32.37026506","37.4887"
"Mississippi","New Jersey","Logs","Truck","36.8800","41.40274875","10.4606"
"Mississippi","New York","Logs","Truck","0.2660","0.31520491","0.3522"
"Mississippi","North Carolina","Logs","Truck","1.1240","0.77157965","5.1277"
"Mississippi","North Dakota","Logs","Truck","0.0060","0.00824428","0.0026"
"Mississippi","Ohio","Logs","Truck","6.5350","4.84942342","0.4580"
"Mississippi","Oklahoma","Logs","Truck","0.3962","0.23119149","0.4549"
"Mississippi","Pennsylvania","Logs","Truck","4.7550","4.80010775","0.4527"
"Mississippi","Rhode Island","Logs","Truck","0.7550","1.02908639","0.0026"
"Mississippi","South Carolina","Logs","Truck","0.3490","0.19157210","0.4425"
"Mississippi","South Dakota","Logs","Truck","0.7700","0.86603209","0.0413"
"Mississippi","Tennessee","Logs","Truck","87.2596","30.40158634","5.8461"
"Mississippi","Texas","Logs","Truck","26.0205","15.62092224","0.8900"
"Mississippi","Virginia","Logs","Truck","0.3520","0.30646663","0.4566"
"Mississippi","Washington","Logs","Truck","0.3280","0.81078290","1.3764"
"Mississippi","West Virginia","Logs","Truck","0.3460","0.27118348","0.4515"
"Mississippi","Wisconsin","Logs","Truck","0.3460","0.29702687","0.4464"
"Missouri","Alabama","Logs","Truck","19.6910","11.80036447","1.0308"
"Missouri","Arizona","Logs","Truck","0.0060","0.00823292","0.0026"
"Missouri","Arkansas","Logs","Truck","412.2847","115.43396449","25.1862"
"Missouri","California","Logs","Truck","0.1800","0.32224075","0.2244"
"Missouri","Connecticut","Logs","Truck","0.0100","0.01183823","0.0387"
"Missouri","Delaware","Logs","Truck","0.7870","0.75323102","1.0242"
"Missouri","Georgia","Logs","Truck","236.4580","160.89996836","0.8460"
"Missouri","Illinois","Logs","Truck","253.3225","64.10779675","14.9611"
"Missouri","Indiana","Logs","Truck","52.6093","21.81316023","3.3619"
"Missouri","Iowa","Logs","Truck","218.7701","74.47642040","11.8410"
"Missouri","Kansas","Logs","Truck","206.1817","42.23528595","16.6179"
"Missouri","Kentucky","Logs","Truck","74.2020","34.84851101","3.8830"
"Missouri","Louisiana","Logs","Truck","0.0339","0.02364515","0.1406"
"Missouri","Maryland","Logs","Truck","0.0380","0.03475287","0.1354"
"Missouri","Michigan","Logs","Truck","0.0003","0.00021389","0.0001"
"Missouri","Minnesota","Logs","Truck","4.4046","2.48246571","1.3109"
"Missouri","Mississippi","Logs","Truck","62.4450","32.04705618","3.1837"
"Missouri","Missouri","Logs","Truck","6188.9599","582.73297678","361.1907"
"Missouri","Montana","Logs","Truck","0.0040","0.00545481","0.0155"
"Missouri","Nebraska","Logs","Truck","23.9423","8.85724810","8.1018"
"Missouri","New Hampshire","Logs","Truck","0.0940","0.12582481","0.4167"
"Missouri","New Mexico","Logs","Truck","0.0060","0.00612390","0.0154"
"Missouri","New York","Logs","Truck","0.0060","0.00622935","0.0271"
"Missouri","North Carolina","Logs","Truck","0.0130","0.01192825","0.0593"
"Missouri","North Dakota","Logs","Truck","0.2690","0.23877622","0.5946"
"Missouri","Oklahoma","Logs","Truck","44.2312","15.49367688","13.5920"
"Missouri","Pennsylvania","Logs","Truck","0.0050","0.00442368","0.0206"
"Missouri","South Dakota","Logs","Truck","4.1249","2.82797255","1.2915"
"Missouri","Tennessee","Logs","Truck","187.3840","91.04579485","9.8861"
"Missouri","Texas","Logs","Truck","1.0095","0.73345221","0.5029"
"Missouri","Virginia","Logs","Truck","0.0120","0.01207453","0.0477"
"Missouri","Washington","Logs","Truck","0.0350","0.06826315","0.1535"
"Missouri","Wisconsin","Logs","Truck","4.5668","2.37201050","2.2266"
"Missouri","Wyoming","Logs","Truck","0.3220","0.33418275","0.6553"
"Montana","Idaho","Logs","Truck","112.0101","52.81242067","5.9440"
"Montana","Montana","Logs","Truck","2369.3070","343.59825178","71.6796"
"Montana","Nebraska","Logs","Truck","0.0000","0.00000000","0.0000"
"Montana","North Dakota","Logs","Truck","0.2878","0.18638000","0.1016"
"Montana","Oregon","Logs","Truck","0.0430","0.03348475","0.0039"
"Montana","South Dakota","Logs","Truck","35.0173","20.87508696","0.7642"
"Montana","Utah","Logs","Truck","0.4338","0.26676766","0.4448"
"Montana","Washington","Logs","Truck","24.1198","14.70824449","1.4717"
"Montana","Wyoming","Logs","Truck","10.2937","4.22594765","1.1121"
"Nebraska","Colorado","Logs","Truck","61.3627","32.48416632","3.3935"
"Nebraska","Illinois","Logs","Truck","0.0003","0.00015085","0.0001"
"Nebraska","Iowa","Logs","Truck","215.7007","61.60267541","11.4398"
"Nebraska","Kansas","Logs","Truck","72.5179","20.10188802","4.1220"
"Nebraska","Michigan","Logs","Truck","0.1958","0.16025826","0.0101"
"Nebraska","Minnesota","Logs","Truck","19.3325","8.74086036","0.9989"
"Nebraska","Missouri","Logs","Truck","19.1702","6.49151640","1.2317"
"Nebraska","Montana","Logs","Truck","0.0000","0.00000000","0.0000"
"Nebraska","Nebraska","Logs","Truck","2747.3910","178.94963492","152.8823"
"Nebraska","New Hampshire","Logs","Truck","0.2080","0.31525877","0.0013"
"Nebraska","North Dakota","Logs","Truck","0.0731","0.03917494","0.0038"
"Nebraska","Oklahoma","Logs","Truck","0.0345","0.01699717","0.0025"
"Nebraska","South Dakota","Logs","Truck","61.9507","17.18769394","1.8541"
"Nebraska","Texas","Logs","Truck","0.0002","0.00015981","0.0000"
"Nebraska","Wyoming","Logs","Truck","10.2344","6.50571330","0.5436"
"Nevada","Arizona","Logs","Truck","170.2920","53.95926762","9.6385"
"Nevada","California","Logs","Truck","965.1428","279.16632361","52.1379"
"Nevada","Colorado","Logs","Truck","0.3410","0.27277317","0.4425"
"Nevada","Idaho","Logs","Truck","13.0295","6.83353161","1.1348"
"Nevada","Nevada","Logs","Truck","1099.5381","85.13854261","62.6104"
"Nevada","New Hampshire","Logs","Truck","0.0051","0.01417968","0.0020"
"Nevada","Oregon","Logs","Truck","12.4288","6.21752097","1.0327"
"Nevada","South Dakota","Logs","Truck","0.6380","0.90574143","0.3225"
"Nevada","Utah","Logs","Truck","39.6738","15.98309423","2.1695"
"Nevada","Wyoming","Logs","Truck","0.3350","0.26557031","0.3754"
"New Hampshire","Connecticut","Logs","Truck","20.4591","3.33602438","1.5423"
"New Hampshire","Idaho","Logs","Truck","0.0011","0.00288771","0.0004"
"New Hampshire","Maine","Logs","Truck","2734.3020","424.05400079","16.9252"
"New Hampshire","Massachusetts","Logs","Truck","134.3839","11.50186591","10.0375"
"New Hampshire","Nevada","Logs","Truck","0.0291","0.07952367","0.0109"
"New Hampshire","New Hampshire","Logs","Truck","6894.7482","332.71582937","75.6152"
"New Hampshire","New Jersey","Logs","Truck","3.6054","1.03179429","0.4223"
"New Hampshire","New York","Logs","Truck","44.5160","10.85814744","3.1994"
"New Hampshire","Pennsylvania","Logs","Truck","1.5149","0.64579418","0.0823"
"New Hampshire","Rhode Island","Logs","Truck","10.6071","1.28849214","0.7587"
"New Hampshire","Utah","Logs","Truck","0.0265","0.06300649","0.0104"
"New Hampshire","Vermont","Logs","Truck","157.6167","22.14709772","8.5930"
"New Jersey","Alabama","Logs","Truck","0.0160","0.01574623","0.0026"
"New Jersey","Arizona","Logs","Truck","0.3710","0.90295729","0.0039"
"New Jersey","Arkansas","Logs","Truck","0.0050","0.00622244","0.0065"
"New Jersey","California","Logs","Truck","0.0360","0.10035392","0.0400"
"New Jersey","Connecticut","Logs","Truck","97.1488","13.38806922","5.7309"
"New Jersey","Delaware","Logs","Truck","140.9760","10.87332127","8.4612"
"New Jersey","Washington DC","Logs","Truck","0.6754","0.12456308","0.1080"
"New Jersey","Georgia","Logs","Truck","0.2150","0.18530343","0.0013"
"New Jersey","Kansas","Logs","Truck","0.0240","0.03136931","0.0220"
"New Jersey","Kentucky","Logs","Truck","0.2670","0.19691296","0.0013"
"New Jersey","Louisiana","Logs","Truck","0.0440","0.05953594","0.0090"
"New Jersey","Maine","Logs","Truck","0.7930","0.33251849","0.4967"
"New Jersey","Maryland","Logs","Truck","251.1551","41.65219477","13.5481"
"New Jersey","Massachusetts","Logs","Truck","61.6769","15.12038070","3.4755"
"New Jersey","Minnesota","Logs","Truck","0.0090","0.01083465","0.0052"
"New Jersey","Mississippi","Logs","Truck","0.0630","0.07281237","0.0103"
"New Jersey","Missouri","Logs","Truck","0.0090","0.00860210","0.0013"
"New Jersey","New Hampshire","Logs","Truck","14.6040","4.15167137","1.2946"
"New Jersey","New Jersey","Logs","Truck","5373.0187","181.17929598","294.1377"
"New Jersey","New York","Logs","Truck","944.0303","72.58968913","55.6496"
"New Jersey","North Carolina","Logs","Truck","0.6889","0.36228345","0.0604"
"New Jersey","Oklahoma","Logs","Truck","0.1180","0.16691824","0.0879"
"New Jersey","Pennsylvania","Logs","Truck","1807.0678","244.20524070","90.9294"
"New Jersey","Rhode Island","Logs","Truck","13.1713","3.01960654","0.7059"
"New Jersey","South Carolina","Logs","Truck","0.0060","0.00428931","0.0232"
"New Jersey","South Dakota","Logs","Truck","0.8000","1.16714917","0.0890"
"New Jersey","Tennessee","Logs","Truck","0.0640","0.05725092","0.0052"
"New Jersey","Texas","Logs","Truck","0.0111","0.01821790","0.0477"
"New Jersey","Vermont","Logs","Truck","26.9055","8.20535598","1.3940"
"New Jersey","Virginia","Logs","Truck","127.0416","36.35376167","6.7710"
"New Jersey","Washington","Logs","Truck","0.0320","0.09126565","0.1419"
"New Jersey","West Virginia","Logs","Truck","22.9141","10.00320377","1.1532"
"New Jersey","Wisconsin","Logs","Truck","0.7530","0.72808689","0.0659"
"New Mexico","Arizona","Logs","Truck","86.2197","40.33950958","4.5853"
"New Mexico","Colorado","Logs","Truck","129.5044","60.34073539","6.8850"
"New Mexico","Kansas","Logs","Truck","0.5766","0.38689605","0.0321"
"New Mexico","New Mexico","Logs","Truck","2583.6713","297.16625496","132.0559"
"New Mexico","Oklahoma","Logs","Truck","1.3446","0.82198571","0.0729"
"New Mexico","Texas","Logs","Truck","333.1811","213.84227371","13.4527"
"New Mexico","Utah","Logs","Truck","1.6760","1.11810649","0.0887"
"New York","Arizona","Logs","Truck","0.3240","0.77465272","0.4400"
"New York","California","Logs","Truck","0.3220","0.89749169","0.4167"
"New York","Connecticut","Logs","Truck","209.8806","32.66470236","16.4614"
"New York","Delaware","Logs","Truck","22.9713","5.02996920","2.2377"
"New York","Washington DC","Logs","Truck","0.1621","0.04523528","0.0407"
"New York","Kentucky","Logs","Truck","12.1040","8.60728390","0.4363"
"New York","Maine","Logs","Truck","157.9235","67.29647524","11.0622"
"New York","Maryland","Logs","Truck","72.8279","21.44469255","4.0385"
"New York","Massachusetts","Logs","Truck","211.2168","49.54572220","11.7176"
"New York","Michigan","Logs","Truck","0.1590","0.08144871","0.0083"
"New York","Mississippi","Logs","Truck","0.0390","0.04673012","0.0039"
"New York","New Hampshire","Logs","Truck","212.5538","56.54526326","21.6947"
"New York","New Jersey","Logs","Truck","426.7105","48.40821998","27.2724"
"New York","New York","Logs","Truck","10295.9232","834.42037721","593.8948"
"New York","North Carolina","Logs","Truck","0.3320","0.22184879","0.4320"
"New York","North Dakota","Logs","Truck","0.2060","0.31627913","0.3793"
"New York","Ohio","Logs","Truck","137.4967","46.95754895","8.8015"
"New York","Pennsylvania","Logs","Truck","2411.9991","578.85607910","123.2045"
"New York","Rhode Island","Logs","Truck","24.8154","5.85795535","1.3542"
"New York","South Dakota","Logs","Truck","0.1510","0.22581295","0.0117"
"New York","Tennessee","Logs","Truck","0.3340","0.28679249","0.4296"
"New York","Utah","Logs","Truck","0.3210","0.66853250","0.4630"
"New York","Vermont","Logs","Truck","469.6132","103.73937040","24.0491"
"New York","Virginia","Logs","Truck","9.9996","3.61710403","0.9583"
"New York","West Virginia","Logs","Truck","16.0239","7.85803252","0.8140"
"New York","Wisconsin","Logs","Truck","0.0180","0.01779554","0.0129"
"North Carolina","Alabama","Logs","Truck","7.0070","3.78374463","0.5291"
"North Carolina","Arizona","Logs","Truck","0.3860","0.83023425","0.4451"
"North Carolina","Arkansas","Logs","Truck","0.3500","0.30078212","0.4799"
"North Carolina","California","Logs","Truck","0.5981","1.51970184","0.4283"
"North Carolina","Connecticut","Logs","Truck","0.3620","0.24715592","1.5892"
"North Carolina","Delaware","Logs","Truck","153.1540","69.21216370","0.6916"
"North Carolina","Washington DC","Logs","Truck","0.3001","0.09412877","0.1386"
"North Carolina","Florida","Logs","Truck","0.3050","0.19722743","0.4322"
"North Carolina","Georgia","Logs","Truck","148.1626","51.66806861","12.4168"
"North Carolina","Illinois","Logs","Truck","0.3200","0.25547424","0.4526"
"North Carolina","Indiana","Logs","Truck","0.2300","0.14337277","0.4577"
"North Carolina","Kentucky","Logs","Truck","146.0430","70.70107339","1.5321"
"North Carolina","Louisiana","Logs","Truck","0.2091","0.19184309","0.0013"
"North Carolina","Maine","Logs","Truck","68.5490","65.84917756","44.5385"
"North Carolina","Maryland","Logs","Truck","13.0667","4.80935626","2.8054"
"North Carolina","Massachusetts","Logs","Truck","0.0510","0.04071901","0.1973"
"North Carolina","Michigan","Logs","Truck","0.2420","0.17805554","0.4166"
"North Carolina","Minnesota","Logs","Truck","0.0120","0.01441611","0.0206"
"North Carolina","Mississippi","Logs","Truck","10.2830","7.13799181","0.4489"
"North Carolina","New Hampshire","Logs","Truck","4.0310","3.36550093","17.4859"
"North Carolina","New Jersey","Logs","Truck","0.3660","0.20030745","1.4015"
"North Carolina","New York","Logs","Truck","1.0840","0.69715775","3.8597"
"North Carolina","North Carolina","Logs","Truck","31738.4216","2641.38252304","1051.8575"
"North Carolina","Ohio","Logs","Truck","1.0965","0.56449412","1.9852"
"North Carolina","Oklahoma","Logs","Truck","0.0180","0.02068259","0.0786"
"North Carolina","Pennsylvania","Logs","Truck","0.8592","0.42248957","1.2786"
"North Carolina","South Carolina","Logs","Truck","2792.9448","497.08830130","65.6443"
"North Carolina","South Dakota","Logs","Truck","0.8020","1.17691924","0.0323"
"North Carolina","Tennessee","Logs","Truck","141.0302","54.67562219","8.3196"
"North Carolina","Texas","Logs","Truck","0.3258","0.39075551","0.4461"
"North Carolina","Vermont","Logs","Truck","0.0730","0.06246152","0.0065"
"North Carolina","Virginia","Logs","Truck","1751.6045","380.26768375","104.5500"
"North Carolina","Washington","Logs","Truck","0.2431","0.68940896","1.1507"
"North Carolina","West Virginia","Logs","Truck","38.2577","12.74430547","2.0988"
"North Carolina","Wisconsin","Logs","Truck","5.4990","5.32721414","0.6360"
"North Dakota","Iowa","Logs","Truck","0.3068","0.18277024","0.0170"
"North Dakota","Michigan","Logs","Truck","0.5258","0.54969107","0.0265"
"North Dakota","Minnesota","Logs","Truck","360.7777","128.12466107","18.8424"
"North Dakota","Montana","Logs","Truck","0.1853","0.12145454","0.0405"
"North Dakota","Nebraska","Logs","Truck","0.0386","0.02019873","0.0021"
"North Dakota","North Dakota","Logs","Truck","1098.8329","102.51568351","57.3266"
"North Dakota","South Dakota","Logs","Truck","20.1635","6.21942258","1.1234"
"North Dakota","Wisconsin","Logs","Truck","14.0706","8.44517994","0.7132"
"North Dakota","Wyoming","Logs","Truck","0.0187","0.01264861","0.0058"
"Ohio","California","Logs","Truck","0.0050","0.01117962","0.0193"
"Ohio","Colorado","Logs","Truck","0.0090","0.01151363","0.0387"
"Ohio","Connecticut","Logs","Truck","0.0040","0.00239893","0.0181"
"Ohio","Delaware","Logs","Truck","0.3170","0.14868605","1.3920"
"Ohio","Washington DC","Logs","Truck","0.0084","0.00343657","0.0031"
"Ohio","Florida","Logs","Truck","0.0100","0.01025920","0.0375"
"Ohio","Illinois","Logs","Truck","35.9828","12.70470031","2.4174"
"Ohio","Indiana","Logs","Truck","938.2439","207.90305520","50.6976"
"Ohio","Iowa","Logs","Truck","0.0090","0.00577697","0.0426"
"Ohio","Kansas","Logs","Truck","0.0410","0.03285790","0.1832"
"Ohio","Kentucky","Logs","Truck","496.4259","111.43397831","20.1920"
"Ohio","Maine","Logs","Truck","0.0600","0.05497790","0.2683"
"Ohio","Maryland","Logs","Truck","15.9348","6.46598862","0.8894"
"Ohio","Michigan","Logs","Truck","274.4239","68.42810821","17.8763"
"Ohio","Missouri","Logs","Truck","0.0190","0.01030037","0.0864"
"Ohio","New Hampshire","Logs","Truck","0.0060","0.00443003","0.0284"
"Ohio","New York","Logs","Truck","44.7432","14.82513439","3.4128"
"Ohio","North Carolina","Logs","Truck","2.5239","1.27709176","1.4779"
"Ohio","Ohio","Logs","Truck","12654.7967","990.68815201","704.8527"
"Ohio","Oklahoma","Logs","Truck","0.0380","0.03653050","0.1651"
"Ohio","Pennsylvania","Logs","Truck","545.3889","158.51647299","30.4049"
"Ohio","Tennessee","Logs","Truck","36.7137","14.98761581","1.9376"
"Ohio","Virginia","Logs","Truck","38.0675","15.75436190","1.9700"
"Ohio","Washington","Logs","Truck","0.0030","0.00712941","0.0116"
"Ohio","West Virginia","Logs","Truck","336.0855","76.17544175","18.6133"
"Ohio","Wisconsin","Logs","Truck","1.0257","0.50977084","0.9262"
"Oklahoma","Alabama","Logs","Truck","0.5380","0.37988990","0.4244"
"Oklahoma","Arkansas","Logs","Truck","1449.8912","469.29320652","73.7531"
"Oklahoma","California","Logs","Truck","0.0420","0.06194176","0.2193"
"Oklahoma","Colorado","Logs","Truck","0.6894","0.49231260","0.5661"
"Oklahoma","Illinois","Logs","Truck","0.3130","0.22040424","0.4373"
"Oklahoma","Iowa","Logs","Truck","0.3410","0.20196432","0.4412"
"Oklahoma","Kansas","Logs","Truck","289.1871","70.96291780","16.7647"
"Oklahoma","Kentucky","Logs","Truck","44.9550","34.03233799","0.4193"
"Oklahoma","Louisiana","Logs","Truck","170.0200","73.94500997","8.5546"
"Oklahoma","Minnesota","Logs","Truck","0.3320","0.26632407","0.4374"
"Oklahoma","Mississippi","Logs","Truck","1.7576","1.02266012","0.7394"
"Oklahoma","Missouri","Logs","Truck","247.8640","89.53493317","13.1134"
"Oklahoma","Nebraska","Logs","Truck","1.5284","0.71713487","3.7924"
"Oklahoma","New Mexico","Logs","Truck","3.3069","2.11938155","0.1743"
"Oklahoma","Oklahoma","Logs","Truck","6942.8323","572.82016559","357.5682"
"Oklahoma","Tennessee","Logs","Truck","0.3350","0.21603859","0.4284"
"Oklahoma","Texas","Logs","Truck","2244.3848","757.78848655","117.3196"
"Oregon","Alabama","Logs","Truck","1.1190","2.89351089","0.0104"
"Oregon","Alaska","Logs","Truck","0.0110","0.02811262","0.0103"
"Oregon","Arizona","Logs","Truck","60.9820","75.64192857","0.4399"
"Oregon","Arkansas","Logs","Truck","5.6710","12.58721365","0.4218"
"Oregon","California","Logs","Truck","502.1598","357.07873498","107.2336"
"Oregon","Colorado","Logs","Truck","1.6240","2.10318603","2.9489"
"Oregon","Connecticut","Logs","Truck","0.0440","0.13325562","0.1935"
"Oregon","Delaware","Logs","Truck","0.7840","2.27016879","0.9739"
"Oregon","Washington DC","Logs","Truck","0.6210","1.75779398","0.0206"
"Oregon","Idaho","Logs","Truck","81.4813","42.05210216","18.9857"
"Oregon","Iowa","Logs","Truck","0.4420","0.83646483","0.4438"
"Oregon","Kansas","Logs","Truck","8.0440","14.72056001","1.8833"
"Oregon","Kentucky","Logs","Truck","0.4660","1.09716761","0.0026"
"Oregon","Louisiana","Logs","Truck","0.3669","0.94760871","0.3110"
"Oregon","Maine","Logs","Truck","0.0560","0.18387825","0.2503"
"Oregon","Maryland","Logs","Truck","0.6880","1.94282435","0.0593"
"Oregon","Massachusetts","Logs","Truck","0.1220","0.37827365","0.0568"
"Oregon","Minnesota","Logs","Truck","7.8390","14.25652413","1.5390"
"Oregon","Mississippi","Logs","Truck","0.7770","1.93613083","0.0413"
"Oregon","Missouri","Logs","Truck","5.1580","10.17851362","0.4424"
"Oregon","Montana","Logs","Truck","31.7820","25.57560422","9.6454"
"Oregon","Nevada","Logs","Truck","19.4342","16.45620332","7.7362"
"Oregon","New Jersey","Logs","Truck","0.0030","0.00884397","0.0116"
"Oregon","New Mexico","Logs","Truck","4.5790","6.54802232","2.5878"
"Oregon","New York","Logs","Truck","0.0260","0.07565445","0.1174"
"Oregon","North Carolina","Logs","Truck","0.6380","1.81562457","0.1948"
"Oregon","North Dakota","Logs","Truck","0.0050","0.00757804","0.0387"
"Oregon","Ohio","Logs","Truck","1.3130","3.21551201","5.9987"
"Oregon","Oklahoma","Logs","Truck","0.7810","1.53766152","0.2954"
"Oregon","Oregon","Logs","Truck","17917.0774","1756.83410709","1898.9100"
"Oregon","Pennsylvania","Logs","Truck","0.2080","0.57738728","0.0504"
"Oregon","Rhode Island","Logs","Truck","0.7610","2.35119273","0.0026"
"Oregon","South Carolina","Logs","Truck","0.0120","0.03324307","0.0492"
"Oregon","South Dakota","Logs","Truck","0.3060","0.49211148","1.1739"
"Oregon","Tennessee","Logs","Truck","0.7530","1.83046484","0.0633"
"Oregon","Texas","Logs","Truck","1.6999","3.66736846","7.7118"
"Oregon","Utah","Logs","Truck","1.3270","1.08117524","0.9675"
"Oregon","Virginia","Logs","Truck","0.6830","1.98336251","0.2440"
"Oregon","Washington","Logs","Truck","1128.4340","286.62735057","243.8616"
"Oregon","Wisconsin","Logs","Truck","31.5910","66.26459066","0.3457"
"Oregon","Wyoming","Logs","Truck","0.3170","0.33596281","0.8024"
"Pennsylvania","California","Logs","Truck","0.2180","0.59506629","0.2814"
"Pennsylvania","Connecticut","Logs","Truck","18.9828","5.12223997","2.6643"
"Pennsylvania","Delaware","Logs","Truck","128.8257","13.47425285","8.1718"
"Pennsylvania","Washington DC","Logs","Truck","1.0181","0.19119996","0.2978"
"Pennsylvania","Florida","Logs","Truck","0.3640","0.39472299","0.4206"
"Pennsylvania","Georgia","Logs","Truck","0.3319","0.25739230","0.4477"
"Pennsylvania","Indiana","Logs","Truck","19.6966","10.88276975","14.6113"
"Pennsylvania","Kentucky","Logs","Truck","1.0642","0.52390930","0.4903"
"Pennsylvania","Maine","Logs","Truck","0.3480","0.18816525","1.4784"
"Pennsylvania","Maryland","Logs","Truck","303.0179","52.05984652","24.9080"
"Pennsylvania","Massachusetts","Logs","Truck","7.6026","2.76817734","0.9131"
"Pennsylvania","Michigan","Logs","Truck","7.7754","3.43556921","0.9517"
"Pennsylvania","Minnesota","Logs","Truck","0.2790","0.31322775","0.4412"
"Pennsylvania","New Hampshire","Logs","Truck","1.2630","0.53672310","0.0647"
"Pennsylvania","New Jersey","Logs","Truck","185.7395","25.23107562","13.5997"
"Pennsylvania","New York","Logs","Truck","574.7409","137.18086384","68.2403"
"Pennsylvania","North Carolina","Logs","Truck","1.1084","0.54898777","0.4835"
"Pennsylvania","Ohio","Logs","Truck","475.1182","133.97772947","37.3240"
"Pennsylvania","Pennsylvania","Logs","Truck","10124.7904","957.78711991","588.9398"
"Pennsylvania","Rhode Island","Logs","Truck","1.7979","0.61713749","0.5617"
"Pennsylvania","South Carolina","Logs","Truck","0.3241","0.20379982","0.4349"
"Pennsylvania","Tennessee","Logs","Truck","0.2620","0.17750912","0.4373"
"Pennsylvania","Texas","Logs","Truck","0.3390","0.52042648","0.4412"
"Pennsylvania","Vermont","Logs","Truck","5.6866","2.33039023","0.2967"
"Pennsylvania","Virginia","Logs","Truck","203.4821","54.35776903","13.1501"
"Pennsylvania","Washington","Logs","Truck","0.0010","0.00271469","0.0065"
"Pennsylvania","West Virginia","Logs","Truck","235.1887","68.19595518","12.5233"
"Pennsylvania","Wisconsin","Logs","Truck","0.3430","0.27226135","0.4541"
"Rhode Island","Connecticut","Logs","Truck","59.5937","4.92585565","3.2981"
"Rhode Island","Delaware","Logs","Truck","0.0952","0.02993133","0.0084"
"Rhode Island","Maine","Logs","Truck","21.4506","5.04027443","1.1000"
"Rhode Island","Massachusetts","Logs","Truck","212.6796","14.44929311","11.8468"
"Rhode Island","New Hampshire","Logs","Truck","159.6328","19.30098032","2.6584"
"Rhode Island","New Jersey","Logs","Truck","11.3103","2.58523486","0.7463"
"Rhode Island","New York","Logs","Truck","30.2564","6.31520480","1.9146"
"Rhode Island","Pennsylvania","Logs","Truck","9.0032","3.05284233","0.5337"
"Rhode Island","Rhode Island","Logs","Truck","448.1284","8.34338180","23.6369"
"Rhode Island","Vermont","Logs","Truck","20.8423","4.52902851","1.0589"
"South Carolina","Alabama","Logs","Truck","10.0882","3.85728677","0.6073"
"South Carolina","Delaware","Logs","Truck","0.2480","0.14391217","0.0039"
"South Carolina","Florida","Logs","Truck","10.5706","4.16248047","1.1508"
"South Carolina","Georgia","Logs","Truck","1221.9273","270.15552395","45.6175"
"South Carolina","Kentucky","Logs","Truck","5.1905","2.06114997","0.2783"
"South Carolina","Maine","Logs","Truck","0.7900","0.87625369","0.0052"
"South Carolina","Missouri","Logs","Truck","0.3480","0.28988564","0.4528"
"South Carolina","New Hampshire","Logs","Truck","0.1630","0.15970875","0.2064"
"South Carolina","North Carolina","Logs","Truck","1521.8376","278.66200482","86.1714"
"South Carolina","Oklahoma","Logs","Truck","0.0300","0.03126929","0.0078"
"South Carolina","South Carolina","Logs","Truck","10743.7258","904.17345989","432.3080"
"South Carolina","South Dakota","Logs","Truck","0.8030","1.14686483","0.0916"
"South Carolina","Tennessee","Logs","Truck","60.7923","19.32673891","3.8510"
"South Carolina","Virginia","Logs","Truck","114.1400","37.14488262","6.0134"
"South Carolina","West Virginia","Logs","Truck","3.6208","1.53729094","0.6291"
"South Carolina","Wyoming","Logs","Truck","0.8000","1.44675986","0.0180"
"South Dakota","Colorado","Logs","Truck","0.0145","0.00979959","0.0054"
"South Dakota","Iowa","Logs","Truck","33.2206","14.26895476","2.0150"
"South Dakota","Kansas","Logs","Truck","0.6103","0.31065418","0.0331"
"South Dakota","Michigan","Logs","Truck","0.9236","0.89686603","0.0542"
"South Dakota","Minnesota","Logs","Truck","121.1669","40.80065432","6.9588"
"South Dakota","Missouri","Logs","Truck","0.2201","0.14457899","0.0146"
"South Dakota","Montana","Logs","Truck","3.0475","2.39507454","0.1629"
"South Dakota","Nebraska","Logs","Truck","26.3557","7.63249253","2.1673"
"South Dakota","North Dakota","Logs","Truck","27.5159","8.16948249","1.5413"
"South Dakota","South Dakota","Logs","Truck","1221.5604","126.59215114","57.8906"
"South Dakota","Wisconsin","Logs","Truck","3.3439","1.85744636","0.1741"
"South Dakota","Wyoming","Logs","Truck","33.0883","18.21426742","2.1902"
"Tennessee","Alabama","Logs","Truck","611.9020","177.28274531","41.3165"
"Tennessee","Arizona","Logs","Truck","0.0110","0.01927039","0.0477"
"Tennessee","Arkansas","Logs","Truck","67.2797","24.27610885","4.0047"
"Tennessee","California","Logs","Truck","0.3340","0.69833289","1.4874"
"Tennessee","Connecticut","Logs","Truck","0.0040","0.00366872","0.0207"
"Tennessee","Delaware","Logs","Truck","0.1580","0.14511961","0.1380"
"Tennessee","Georgia","Logs","Truck","1559.5590","451.99182163","18.7843"
"Tennessee","Illinois","Logs","Truck","23.3703","11.26697612","1.8003"
"Tennessee","Indiana","Logs","Truck","93.0453","35.84717952","6.5924"
"Tennessee","Kentucky","Logs","Truck","928.2065","203.14070760","55.3126"
"Tennessee","Louisiana","Logs","Truck","1.4584","0.67398286","2.2747"
"Tennessee","Maine","Logs","Truck","0.1900","0.23829618","0.8824"
"Tennessee","Maryland","Logs","Truck","0.0090","0.00568939","0.0439"
"Tennessee","Michigan","Logs","Truck","0.2710","0.15898876","0.9056"
"Tennessee","Minnesota","Logs","Truck","0.3430","0.30288243","1.5324"
"Tennessee","Mississippi","Logs","Truck","339.3545","123.27866347","18.2023"
"Tennessee","Missouri","Logs","Truck","74.6721","37.09076025","5.7634"
"Tennessee","New Hampshire","Logs","Truck","0.1280","0.14291457","0.6192"
"Tennessee","New Mexico","Logs","Truck","0.0050","0.00648237","0.0245"
"Tennessee","New York","Logs","Truck","0.0100","0.00836443","0.0322"
"Tennessee","North Carolina","Logs","Truck","258.6772","102.29962640","18.1044"
"Tennessee","Ohio","Logs","Truck","21.1437","8.35818059","3.2643"
"Tennessee","Oklahoma","Logs","Truck","0.0480","0.03024455","0.2259"
"Tennessee","Oregon","Logs","Truck","0.0020","0.00496641","0.0077"
"Tennessee","Pennsylvania","Logs","Truck","0.3410","0.24537539","1.4668"
"Tennessee","South Carolina","Logs","Truck","48.5518","16.29174170","4.5780"
"Tennessee","South Dakota","Logs","Truck","0.2000","0.21216232","0.9108"
"Tennessee","Tennessee","Logs","Truck","6890.1495","536.32543016","383.2106"
"Tennessee","Texas","Logs","Truck","0.3725","0.25937814","0.0724"
"Tennessee","Virginia","Logs","Truck","123.9075","49.25836433","7.7431"
"Tennessee","Washington","Logs","Truck","0.0290","0.07056530","0.1174"
"Tennessee","West Virginia","Logs","Truck","15.0634","6.11992241","0.8558"
"Tennessee","Wisconsin","Logs","Truck","0.0460","0.03134713","0.2103"
"Texas","Arizona","Logs","Truck","6.8809","7.04589359","0.4261"
"Texas","Arkansas","Logs","Truck","658.4483","308.69651218","33.3880"
"Texas","California","Logs","Truck","7.8977","12.69186213","0.2903"
"Texas","Colorado","Logs","Truck","0.0324","0.02720808","0.0126"
"Texas","Delaware","Logs","Truck","48.8700","77.02426904","26.2876"
"Texas","Iowa","Logs","Truck","0.3449","0.31889017","0.4400"
"Texas","Kansas","Logs","Truck","3.6892","2.00038862","0.6494"
"Texas","Louisiana","Logs","Truck","1081.0624","431.63518000","54.0006"
"Texas","Mississippi","Logs","Truck","54.6960","33.12527429","2.7587"
"Texas","Missouri","Logs","Truck","1.3666","0.94322480","0.4816"
"Texas","Nebraska","Logs","Truck","0.0002","0.00015544","0.0001"
"Texas","New Mexico","Logs","Truck","120.6169","76.79378173","2.1491"
"Texas","Oklahoma","Logs","Truck","425.0645","148.02021410","18.9034"
"Texas","Tennessee","Logs","Truck","1.0729","0.68021892","0.0623"
"Texas","Texas","Logs","Truck","42501.9537","7014.03948737","1948.5930"
"Texas","Wisconsin","Logs","Truck","0.3810","0.45703333","0.0012"
"Utah","Arizona","Logs","Truck","19.9789","11.47158788","0.9883"
"Utah","Arkansas","Logs","Truck","0.0790","0.11507437","0.0026"
"Utah","California","Logs","Truck","0.0990","0.07071199","0.0077"
"Utah","Colorado","Logs","Truck","39.6774","19.46555026","2.3530"
"Utah","Connecticut","Logs","Truck","0.1800","0.40868363","0.2942"
"Utah","Delaware","Logs","Truck","0.6790","1.45369750","0.0129"
"Utah","Washington DC","Logs","Truck","0.0090","0.01881860","0.0026"
"Utah","Georgia","Logs","Truck","0.5290","1.02216249","0.0026"
"Utah","Idaho","Logs","Truck","33.9154","14.14966784","1.9311"
"Utah","Kansas","Logs","Truck","0.3520","0.37198216","0.1819"
"Utah","Kentucky","Logs","Truck","0.7920","1.29914933","0.0026"
"Utah","Louisiana","Logs","Truck","0.7840","1.34283106","0.0425"
"Utah","Maine","Logs","Truck","0.4500","1.14114774","1.0114"
"Utah","Maryland","Logs","Truck","0.3340","0.69956300","0.0026"
"Utah","Minnesota","Logs","Truck","0.7990","1.03436085","0.0168"
"Utah","Mississippi","Logs","Truck","0.6260","1.06522446","0.0026"
"Utah","Montana","Logs","Truck","0.0605","0.03649796","0.0899"
"Utah","Nevada","Logs","Truck","39.1849","14.79851011","2.4050"
"Utah","New Hampshire","Logs","Truck","0.3524","0.83439737","0.9338"
"Utah","New Mexico","Logs","Truck","5.1659","3.14047406","0.6010"
"Utah","New York","Logs","Truck","0.0870","0.18737144","0.0129"
"Utah","North Carolina","Logs","Truck","0.2490","0.52227119","0.0399"
"Utah","Oklahoma","Logs","Truck","0.7970","0.95793463","0.8217"
"Utah","Oregon","Logs","Truck","0.0030","0.00232111","0.0077"
"Utah","Rhode Island","Logs","Truck","0.7760","1.82952279","0.0026"
"Utah","South Carolina","Logs","Truck","0.0090","0.01830639","0.0387"
"Utah","South Dakota","Logs","Truck","0.7980","0.74268558","0.0026"
"Utah","Tennessee","Logs","Truck","0.0010","0.00177006","0.0065"
"Utah","Texas","Logs","Truck","0.1551","0.20242287","0.0915"
"Utah","Utah","Logs","Truck","3031.3831","213.41207413","167.6053"
"Utah","Vermont","Logs","Truck","0.0190","0.04383692","0.0748"
"Utah","Virginia","Logs","Truck","0.7640","1.65309414","0.0902"
"Utah","Washington","Logs","Truck","0.1071","0.08789580","0.4412"
"Utah","West Virginia","Logs","Truck","0.1650","0.30984844","0.0103"
"Utah","Wisconsin","Logs","Truck","0.7920","1.13337822","0.0348"
"Utah","Wyoming","Logs","Truck","15.1497","6.46677992","0.7898"
"Vermont","Connecticut","Logs","Truck","13.5863","2.88161694","1.0176"
"Vermont","Maine","Logs","Truck","45.5899","10.59980036","2.8281"
"Vermont","Massachusetts","Logs","Truck","44.7328","8.00673247","3.1224"
"Vermont","New Hampshire","Logs","Truck","128.2702","17.12750623","7.1230"
"Vermont","New Jersey","Logs","Truck","4.3690","1.33465439","0.4073"
"Vermont","New York","Logs","Truck","70.1035","14.22187753","4.5652"
"Vermont","Pennsylvania","Logs","Truck","5.3719","2.18204449","0.2953"
"Vermont","Rhode Island","Logs","Truck","4.2019","0.87331143","0.3106"
"Vermont","Vermont","Logs","Truck","767.1146","44.05561558","37.5029"
"Virginia","Alabama","Logs","Truck","0.1647","0.10535768","0.3816"
"Virginia","Arizona","Logs","Truck","0.0070","0.01543647","0.0297"
"Virginia","Arkansas","Logs","Truck","0.0130","0.01247100","0.0606"
"Virginia","California","Logs","Truck","0.0080","0.02037202","0.0285"
"Virginia","Colorado","Logs","Truck","0.0020","0.00316258","0.0103"
"Virginia","Connecticut","Logs","Truck","0.5713","0.28007664","2.6134"
"Virginia","Delaware","Logs","Truck","471.2360","127.14507115","11.3596"
"Virginia","Washington DC","Logs","Truck","4.2786","0.33577761","3.0475"
"Virginia","Florida","Logs","Truck","0.0010","0.00078371","0.0064"
"Virginia","Georgia","Logs","Truck","843.1971","411.25293438","3.9306"
"Virginia","Indiana","Logs","Truck","0.5383","0.29667389","0.0301"
"Virginia","Kansas","Logs","Truck","0.0330","0.03741877","0.1446"
"Virginia","Kentucky","Logs","Truck","23.4393","9.79728861","1.2496"
"Virginia","Louisiana","Logs","Truck","0.4411","0.45698416","0.2606"
"Virginia","Maine","Logs","Truck","0.3830","0.28954348","1.0049"
"Virginia","Maryland","Logs","Truck","153.4556","25.50516454","49.6713"
"Virginia","Massachusetts","Logs","Truck","0.0270","0.01670810","0.1096"
"Virginia","Michigan","Logs","Truck","0.0060","0.00339926","0.0052"
"Virginia","Minnesota","Logs","Truck","0.0360","0.04258332","0.1625"
"Virginia","Mississippi","Logs","Truck","0.0010","0.00075850","0.0077"
"Virginia","New Hampshire","Logs","Truck","0.0190","0.01154210","0.0851"
"Virginia","New Jersey","Logs","Truck","12.5852","3.77403664","2.8076"
"Virginia","New York","Logs","Truck","3.7636","1.38611826","5.2127"
"Virginia","North Carolina","Logs","Truck","1583.9839","337.41702947","64.9267"
"Virginia","North Dakota","Logs","Truck","0.0030","0.00498422","0.0129"
"Virginia","Ohio","Logs","Truck","14.8418","6.25238223","2.2324"
"Virginia","Oklahoma","Logs","Truck","0.1660","0.20083034","0.7611"
"Virginia","Pennsylvania","Logs","Truck","159.4520","46.33347783","10.2356"
"Virginia","Rhode Island","Logs","Truck","0.5950","0.34960627","0.0026"
"Virginia","South Carolina","Logs","Truck","40.8663","13.40304745","2.3415"
"Virginia","South Dakota","Logs","Truck","0.7560","1.17182288","0.4811"
"Virginia","Tennessee","Logs","Truck","76.4558","28.99638421","4.1951"
"Virginia","Texas","Logs","Truck","0.0629","0.08275942","0.2784"
"Virginia","Vermont","Logs","Truck","0.0120","0.00809241","0.0542"
"Virginia","Virginia","Logs","Truck","20946.2290","2247.89379915","682.8043"
"Virginia","Washington","Logs","Truck","0.1040","0.29001551","0.4940"
"Virginia","West Virginia","Logs","Truck","187.1284","45.15486715","10.3245"
"Virginia","Wisconsin","Logs","Truck","0.0820","0.07607253","0.3495"
"Virginia","Wyoming","Logs","Truck","0.1090","0.21664554","0.0838"
"Washington","Alabama","Logs","Truck","0.2080","0.52969644","0.2451"
"Washington","Alaska","Logs","Truck","0.3100","0.72472664","1.3055"
"Washington","Arizona","Logs","Truck","4.2660","6.07304245","1.3506"
"Washington","California","Logs","Truck","10.2710","10.15106124","51.0917"
"Washington","Colorado","Logs","Truck","0.0250","0.03164102","0.1070"
"Washington","Connecticut","Logs","Truck","0.0480","0.14216543","0.0361"
"Washington","Delaware","Logs","Truck","0.7700","2.17539853","0.8424"
"Washington","Florida","Logs","Truck","0.0040","0.01273936","0.0167"
"Washington","Idaho","Logs","Truck","560.5778","269.07704903","61.1905"
"Washington","Indiana","Logs","Truck","0.0340","0.07479912","0.0039"
"Washington","Iowa","Logs","Truck","0.0240","0.04262284","0.0967"
"Washington","Kansas","Logs","Truck","0.7060","1.25171304","3.1630"
"Washington","Kentucky","Logs","Truck","13.6920","31.85597895","0.0658"
"Washington","Louisiana","Logs","Truck","0.0210","0.05359456","0.0657"
"Washington","Maryland","Logs","Truck","0.2230","0.61447782","0.9366"
"Washington","Massachusetts","Logs","Truck","0.0881","0.26549232","0.3599"
"Washington","Minnesota","Logs","Truck","0.1290","0.20763227","0.5728"
"Washington","Mississippi","Logs","Truck","0.0040","0.00984253","0.0116"
"Washington","Montana","Logs","Truck","191.4313","126.27246893","64.7522"
"Washington","Nevada","Logs","Truck","0.0370","0.03546864","0.1716"
"Washington","New Hampshire","Logs","Truck","0.2300","0.69576984","1.0359"
"Washington","New York","Logs","Truck","2.1580","6.09581756","5.3277"
"Washington","North Carolina","Logs","Truck","0.1880","0.52800382","0.8423"
"Washington","North Dakota","Logs","Truck","0.0060","0.00817318","0.0619"
"Washington","Ohio","Logs","Truck","0.1340","0.31412653","0.6063"
"Washington","Oklahoma","Logs","Truck","0.3060","0.59633411","0.9830"
"Washington","Oregon","Logs","Truck","3301.9206","729.54621063","503.2849"
"Washington","Pennsylvania","Logs","Truck","0.0300","0.08088355","0.1317"
"Washington","South Carolina","Logs","Truck","0.0060","0.01643959","0.0271"
"Washington","South Dakota","Logs","Truck","0.7780","1.06607168","0.0193"
"Washington","Texas","Logs","Truck","1.8170","3.89698024","8.3450"
"Washington","Utah","Logs","Truck","0.5120","0.41809009","1.2036"
"Washington","Vermont","Logs","Truck","0.3720","1.11502970","0.4360"
"Washington","Virginia","Logs","Truck","0.0880","0.24767055","0.3997"
"Washington","Washington","Logs","Truck","44234.9680","5302.82207448","2568.0134"
"Washington","West Virginia","Logs","Truck","0.5090","1.30102063","0.0051"
"Washington","Wisconsin","Logs","Truck","0.1010","0.19318197","0.4335"
"Washington","Wyoming","Logs","Truck","0.0080","0.00793301","0.0336"
"West Virginia","Alabama","Logs","Truck","0.4620","0.30568411","0.0168"
"West Virginia","Arkansas","Logs","Truck","0.0930","0.07794022","0.0181"
"West Virginia","Connecticut","Logs","Truck","0.1780","0.10008097","0.7818"
"West Virginia","Delaware","Logs","Truck","2.5788","0.92874424","0.2849"
"West Virginia","Washington DC","Logs","Truck","0.2490","0.06738384","0.1164"
"West Virginia","Georgia","Logs","Truck","0.5502","0.31548805","0.0026"
"West Virginia","Illinois","Logs","Truck","0.3270","0.17731578","0.4413"
"West Virginia","Indiana","Logs","Truck","13.3376","5.16903855","0.8655"
"West Virginia","Kansas","Logs","Truck","0.3730","0.34410534","0.1122"
"West Virginia","Kentucky","Logs","Truck","264.0347","85.76327891","3.2738"
"West Virginia","Louisiana","Logs","Truck","0.0051","0.00510983","0.0206"
"West Virginia","Maine","Logs","Truck","0.1920","0.16056752","1.0036"
"West Virginia","Maryland","Logs","Truck","1412.0781","394.25932664","9.6879"
"West Virginia","Massachusetts","Logs","Truck","0.0440","0.02917479","0.1574"
"West Virginia","Michigan","Logs","Truck","0.5070","0.20937532","0.0495"
"West Virginia","Minnesota","Logs","Truck","46.4720","46.44376647","1.2023"
"West Virginia","Mississippi","Logs","Truck","4.8970","3.99171806","0.4928"
"West Virginia","Montana","Logs","Truck","0.7540","1.47816744","0.0052"
"West Virginia","Nevada","Logs","Truck","0.0060","0.01362879","0.0232"
"West Virginia","New Hampshire","Logs","Truck","36.3240","25.93022175","160.5560"
"West Virginia","New Jersey","Logs","Truck","1.6039","0.68495600","0.1050"
"West Virginia","New York","Logs","Truck","19.3690","9.28883201","1.6183"
"West Virginia","North Carolina","Logs","Truck","114.4034","37.61217657","14.6077"
"West Virginia","Ohio","Logs","Truck","241.1812","55.60147990","26.0681"
"West Virginia","Oklahoma","Logs","Truck","0.5380","0.56379906","0.4839"
"West Virginia","Oregon","Logs","Truck","0.0080","0.02104526","0.0206"
"West Virginia","Pennsylvania","Logs","Truck","175.0601","50.20535117","9.5372"
"West Virginia","Rhode Island","Logs","Truck","0.7360","0.46125441","0.0026"
"West Virginia","South Carolina","Logs","Truck","3.2277","1.43365962","0.6220"
"West Virginia","South Dakota","Logs","Truck","0.5440","0.66061921","0.0013"
"West Virginia","Tennessee","Logs","Truck","19.8679","8.55238807","1.5899"
"West Virginia","Texas","Logs","Truck","0.3480","0.44566660","0.4450"
"West Virginia","Utah","Logs","Truck","0.5240","0.98785909","1.1171"
"West Virginia","Virginia","Logs","Truck","495.7280","131.99884113","17.1990"
"West Virginia","West Virginia","Logs","Truck","4320.4519","463.76635377","264.4460"
"West Virginia","Wisconsin","Logs","Truck","117.0500","83.36736246","0.4670"
"West Virginia","Wyoming","Logs","Truck","0.5710","0.92995891","0.0181"
"Wisconsin","Alabama","Logs","Truck","0.8580","0.74811700","0.0903"
"Wisconsin","Arizona","Logs","Truck","0.1540","0.29407555","0.0026"
"Wisconsin","Arkansas","Logs","Truck","0.0100","0.00789025","0.0077"
"Wisconsin","California","Logs","Truck","1.6110","3.38537995","0.0800"
"Wisconsin","Colorado","Logs","Truck","0.0530","0.05687700","0.2219"
"Wisconsin","Connecticut","Logs","Truck","0.1040","0.11295146","0.4671"
"Wisconsin","Delaware","Logs","Truck","0.7940","0.75180044","0.0761"
"Wisconsin","Florida","Logs","Truck","0.3430","0.49256075","0.4130"
"Wisconsin","Georgia","Logs","Truck","0.2130","0.19496063","0.0013"
"Wisconsin","Idaho","Logs","Truck","0.3420","0.55843340","0.4102"
"Wisconsin","Illinois","Logs","Truck","189.5536","42.09698502","16.1560"
"Wisconsin","Indiana","Logs","Truck","81.1818","28.34235565","4.0074"
"Wisconsin","Iowa","Logs","Truck","105.2373","33.01145684","6.1845"
"Wisconsin","Kansas","Logs","Truck","0.0190","0.01294962","0.0503"
"Wisconsin","Kentucky","Logs","Truck","0.6340","0.36412951","0.0026"
"Wisconsin","Louisiana","Logs","Truck","0.7860","0.86895301","0.0478"
"Wisconsin","Maine","Logs","Truck","0.0290","0.03859835","0.1328"
"Wisconsin","Maryland","Logs","Truck","0.3950","0.35638468","0.3586"
"Wisconsin","Massachusetts","Logs","Truck","0.0390","0.04568446","0.1083"
"Wisconsin","Michigan","Logs","Truck","231.6005","95.42387300","9.3773"
"Wisconsin","Minnesota","Logs","Truck","566.1569","151.30107510","23.8806"
"Wisconsin","Mississippi","Logs","Truck","0.2360","0.20930164","0.0607"
"Wisconsin","Missouri","Logs","Truck","0.2857","0.16759700","0.0262"
"Wisconsin","Montana","Logs","Truck","0.6420","0.85684331","0.0052"
"Wisconsin","Nebraska","Logs","Truck","0.3480","0.19399268","1.5855"
"Wisconsin","New Hampshire","Logs","Truck","0.5750","0.68066999","0.9701"
"Wisconsin","New Mexico","Logs","Truck","0.0160","0.02307301","0.0039"
"Wisconsin","New York","Logs","Truck","0.2940","0.25025712","0.2386"
"Wisconsin","North Carolina","Logs","Truck","0.5120","0.49886797","0.4103"
"Wisconsin","North Dakota","Logs","Truck","1.6370","0.99439435","0.0876"
"Wisconsin","Ohio","Logs","Truck","0.4178","0.20580077","0.0767"
"Wisconsin","Oklahoma","Logs","Truck","0.6630","0.58832012","0.1729"
"Wisconsin","Pennsylvania","Logs","Truck","0.1860","0.15528260","0.1909"
"Wisconsin","South Dakota","Logs","Truck","1.0533","0.56803643","0.1898"
"Wisconsin","Tennessee","Logs","Truck","0.0020","0.00150862","0.0090"
"Wisconsin","Texas","Logs","Truck","0.7081","0.83282335","2.0266"
"Wisconsin","Utah","Logs","Truck","0.0010","0.00144252","0.0065"
"Wisconsin","Vermont","Logs","Truck","0.2740","0.30912846","0.0284"
"Wisconsin","Virginia","Logs","Truck","0.5400","0.53012881","0.0090"
"Wisconsin","Washington","Logs","Truck","0.4910","0.93852645","1.5055"
"Wisconsin","Wisconsin","Logs","Truck","8741.6817","779.17931505","481.9620"
"Wyoming","Colorado","Logs","Truck","179.3970","59.97329709","10.4585"
"Wyoming","Idaho","Logs","Truck","11.0120","6.40008352","0.7042"
"Wyoming","Kansas","Logs","Truck","0.0005","0.00039649","0.0002"
"Wyoming","Montana","Logs","Truck","41.6369","20.35196634","2.6695"
"Wyoming","Nebraska","Logs","Truck","13.8570","8.69952003","0.7264"
"Wyoming","North Dakota","Logs","Truck","0.0136","0.01004337","0.0045"
"Wyoming","South Dakota","Logs","Truck","221.3455","122.09279715","5.2784"
"Wyoming","Utah","Logs","Truck","51.9050","19.88899673","3.4106"
"Wyoming","Wyoming","Logs","Truck","548.6839","84.16412225","28.5668"
